0.000000000000000, 1, 0, 1, 0
0.000064600000000, 0, 0, 1, 0
0.001162400000000, 0, 1, 1, 0
0.001227000000000, 0, 0, 1, 0
0.001717200000000, 0, 0, 1, 1
0.001719200000000, 0, 0, 1, 0
0.004025600000000, 0, 0, 1, 1
0.004027600000000, 0, 0, 1, 0
0.004558400000000, 0, 0, 1, 1
0.004560400000000, 0, 0, 1, 0
0.006866800000000, 0, 0, 1, 1
0.006868800000000, 0, 0, 1, 0
0.007399400000000, 0, 0, 1, 1
0.007401600000000, 0, 0, 1, 0
0.009707800000000, 0, 0, 1, 1
0.009709800000000, 0, 0, 1, 0
0.010240600000000, 0, 0, 1, 1
0.010242600000000, 0, 0, 1, 0
0.012548800000000, 0, 0, 1, 1
0.012550800000000, 0, 0, 1, 0
0.013081600000000, 0, 0, 1, 1
0.013083600000000, 0, 0, 1, 0
0.015389800000000, 0, 0, 1, 1
0.015391800000000, 0, 0, 1, 0
0.015922600000000, 0, 0, 1, 1
0.015924600000000, 0, 0, 1, 0
0.018230800000000, 0, 0, 1, 1
0.018233000000000, 0, 0, 1, 0
0.018763600000000, 0, 0, 1, 1
0.018765600000000, 0, 0, 1, 0
0.021072000000000, 0, 0, 1, 1
0.021074000000000, 0, 0, 1, 0
0.021604600000000, 0, 0, 1, 1
0.021606800000000, 0, 0, 1, 0
0.023913000000000, 0, 0, 1, 1
0.023915200000000, 0, 0, 1, 0
0.024445800000000, 0, 0, 1, 1
0.024447800000000, 0, 0, 1, 0
0.026754200000000, 0, 0, 1, 1
0.026756200000000, 0, 0, 1, 0
0.027287000000000, 0, 0, 1, 1
0.027289000000000, 0, 0, 1, 0
0.029595400000000, 0, 0, 1, 1
0.029597400000000, 0, 0, 1, 0
0.030128000000000, 0, 0, 1, 1
0.030130200000000, 0, 0, 1, 0
0.032436400000000, 0, 0, 1, 1
0.032438400000000, 0, 0, 1, 0
0.032969200000000, 0, 0, 1, 1
0.032971200000000, 0, 0, 1, 0
0.035277400000000, 0, 0, 1, 1
0.035279600000000, 0, 0, 1, 0
0.035810200000000, 0, 0, 1, 1
0.035812200000000, 0, 0, 1, 0
0.038118600000000, 0, 0, 1, 1
0.038120600000000, 0, 0, 1, 0
0.038651400000000, 0, 0, 1, 1
0.038653400000000, 0, 0, 1, 0
0.040959800000000, 0, 0, 1, 1
0.040961800000000, 0, 0, 1, 0
0.041492400000000, 0, 0, 1, 1
0.041494600000000, 0, 0, 1, 0
0.043800800000000, 0, 0, 1, 1
0.043803000000000, 0, 0, 1, 0
0.044333600000000, 0, 0, 1, 1
0.044335800000000, 0, 0, 1, 0
0.046642000000000, 0, 0, 1, 1
0.046644200000000, 0, 0, 1, 0
0.047174800000000, 0, 0, 1, 1
0.047176800000000, 0, 0, 1, 0
0.049483200000000, 0, 0, 1, 1
0.049485200000000, 0, 0, 1, 0
0.050016000000000, 0, 0, 1, 1
0.050018000000000, 0, 0, 1, 0
0.052324400000000, 0, 0, 1, 1
0.052326400000000, 0, 0, 1, 0
0.052857000000000, 0, 0, 1, 1
0.052859200000000, 0, 0, 1, 0
0.055165400000000, 0, 0, 1, 1
0.055167400000000, 0, 0, 1, 0
0.055698200000000, 0, 0, 1, 1
0.055700200000000, 0, 0, 1, 0
0.058006400000000, 0, 0, 1, 1
0.058008400000000, 0, 0, 1, 0
0.058539000000000, 0, 0, 1, 1
0.058541200000000, 0, 0, 1, 0
0.060847600000000, 0, 0, 1, 1
0.060849600000000, 0, 0, 1, 0
0.061380200000000, 0, 0, 1, 1
0.061382400000000, 0, 0, 1, 0
0.063688600000000, 0, 0, 1, 1
0.063690800000000, 0, 0, 1, 0
0.064221400000000, 0, 0, 1, 1
0.064223400000000, 0, 0, 1, 0
0.066529800000000, 0, 0, 1, 1
0.066532000000000, 0, 0, 1, 0
0.067062600000000, 0, 0, 1, 1
0.067064600000000, 0, 0, 1, 0
0.069371000000000, 0, 0, 1, 1
0.069373200000000, 0, 0, 1, 0
0.069903800000000, 0, 0, 1, 1
0.069905800000000, 0, 0, 1, 0
0.072212200000000, 0, 0, 1, 1
0.072214200000000, 0, 0, 1, 0
0.072745000000000, 0, 0, 1, 1
0.072747000000000, 0, 0, 1, 0
0.075053400000000, 0, 0, 1, 1
0.075055400000000, 0, 0, 1, 0
0.075586000000000, 0, 0, 1, 1
0.075588000000000, 0, 0, 1, 0
0.077894400000000, 0, 0, 1, 1
0.077896400000000, 0, 0, 1, 0
0.078427200000000, 0, 0, 1, 1
0.078429200000000, 0, 0, 1, 0
0.080735400000000, 0, 0, 1, 1
0.080737400000000, 0, 0, 1, 0
0.081268000000000, 0, 0, 1, 1
0.081270200000000, 0, 0, 1, 0
0.083576400000000, 0, 0, 1, 1
0.083578400000000, 0, 0, 1, 0
0.084109200000000, 0, 0, 1, 1
0.084111200000000, 0, 0, 1, 0
0.086417400000000, 0, 0, 1, 1
0.086419600000000, 0, 0, 1, 0
0.086950200000000, 0, 0, 1, 1
0.086952200000000, 0, 0, 1, 0
0.089258600000000, 0, 0, 1, 1
0.089260600000000, 0, 0, 1, 0
0.089791400000000, 0, 0, 1, 1
0.089793400000000, 0, 0, 1, 0
0.092099800000000, 0, 0, 1, 1
0.092101800000000, 0, 0, 1, 0
0.092632400000000, 0, 0, 1, 1
0.092634600000000, 0, 0, 1, 0
0.094940800000000, 0, 0, 1, 1
0.094943000000000, 0, 0, 1, 0
0.095473600000000, 0, 0, 1, 1
0.095475800000000, 0, 0, 1, 0
0.097782200000000, 0, 0, 1, 1
0.097784200000000, 0, 0, 1, 0
0.098314800000000, 0, 0, 1, 1
0.098316800000000, 0, 0, 1, 0
0.100623200000000, 0, 0, 1, 1
0.100625400000000, 0, 0, 1, 0
0.101156000000000, 0, 0, 1, 1
0.101158200000000, 0, 0, 1, 0
0.103464400000000, 0, 0, 1, 1
0.103466600000000, 0, 0, 1, 0
0.103997200000000, 0, 0, 1, 1
0.103999200000000, 0, 0, 1, 0
0.106305600000000, 0, 0, 1, 1
0.106307600000000, 0, 0, 1, 0
0.106838200000000, 0, 0, 1, 1
0.106840400000000, 0, 0, 1, 0
0.109146600000000, 0, 0, 1, 1
0.109148600000000, 0, 0, 1, 0
0.109679400000000, 0, 0, 1, 1
0.109681400000000, 0, 0, 1, 0
0.111987800000000, 0, 0, 1, 1
0.111989800000000, 0, 0, 1, 0
0.112520600000000, 0, 0, 1, 1
0.112522600000000, 0, 0, 1, 0
0.114829000000000, 0, 0, 1, 1
0.114831000000000, 0, 0, 1, 0
0.115361600000000, 0, 0, 1, 1
0.115363800000000, 0, 0, 1, 0
0.117670200000000, 0, 0, 1, 1
0.117672200000000, 0, 0, 1, 0
0.118202800000000, 0, 0, 1, 1
0.118205000000000, 0, 0, 1, 0
0.120511400000000, 0, 0, 1, 1
0.120513400000000, 0, 0, 1, 0
0.121044000000000, 0, 0, 1, 1
0.121046000000000, 0, 0, 1, 0
0.123352200000000, 0, 0, 1, 1
0.123354200000000, 0, 0, 1, 0
0.123885000000000, 0, 0, 1, 1
0.123887000000000, 0, 0, 1, 0
0.126193400000000, 0, 0, 1, 1
0.126195400000000, 0, 0, 1, 0
0.126726000000000, 0, 0, 1, 1
0.126728000000000, 0, 0, 1, 0
0.129034400000000, 0, 0, 1, 1
0.129036400000000, 0, 0, 1, 0
0.129567000000000, 0, 0, 1, 1
0.129569200000000, 0, 0, 1, 0
0.131875400000000, 0, 0, 1, 1
0.131877400000000, 0, 0, 1, 0
0.132408000000000, 0, 0, 1, 1
0.132410200000000, 0, 0, 1, 0
0.134716400000000, 0, 0, 1, 1
0.134718400000000, 0, 0, 1, 0
0.135249200000000, 0, 0, 1, 1
0.135251200000000, 0, 0, 1, 0
0.137557400000000, 0, 0, 1, 1
0.137559400000000, 0, 0, 1, 0
0.138090200000000, 0, 0, 1, 1
0.138092200000000, 0, 0, 1, 0
0.140398400000000, 0, 0, 1, 1
0.140400600000000, 0, 0, 1, 0
0.140931200000000, 0, 0, 1, 1
0.140933200000000, 0, 0, 1, 0
0.143239400000000, 0, 0, 1, 1
0.143241600000000, 0, 0, 1, 0
0.143772200000000, 0, 0, 1, 1
0.143774200000000, 0, 0, 1, 0
0.146080400000000, 0, 0, 1, 1
0.146082400000000, 0, 0, 1, 0
0.146613200000000, 0, 0, 1, 1
0.146615200000000, 0, 0, 1, 0
0.148921400000000, 0, 0, 1, 1
0.148923400000000, 0, 0, 1, 0
0.149454000000000, 0, 0, 1, 1
0.149456200000000, 0, 0, 1, 0
0.151762400000000, 0, 0, 1, 1
0.151764600000000, 0, 0, 1, 0
0.152295200000000, 0, 0, 1, 1
0.152297400000000, 0, 0, 1, 0
0.154603800000000, 0, 0, 1, 1
0.154605800000000, 0, 0, 1, 0
0.155136600000000, 0, 0, 1, 1
0.155138600000000, 0, 0, 1, 0
0.157445000000000, 0, 0, 1, 1
0.157447000000000, 0, 0, 1, 0
0.157977800000000, 0, 0, 1, 1
0.157979800000000, 0, 0, 1, 0
0.160286200000000, 0, 0, 1, 1
0.160288200000000, 0, 0, 1, 0
0.160819000000000, 0, 0, 1, 1
0.160821000000000, 0, 0, 1, 0
0.163127400000000, 0, 0, 1, 1
0.163129400000000, 0, 0, 1, 0
0.163660200000000, 0, 0, 1, 1
0.163662200000000, 0, 0, 1, 0
0.165968600000000, 0, 0, 1, 1
0.165970600000000, 0, 0, 1, 0
0.166501400000000, 0, 0, 1, 1
0.166503400000000, 0, 0, 1, 0
0.168809800000000, 0, 0, 1, 1
0.168811800000000, 0, 0, 1, 0
0.169342400000000, 0, 0, 1, 1
0.169344600000000, 0, 0, 1, 0
0.171650800000000, 0, 0, 1, 1
0.171653000000000, 0, 0, 1, 0
0.172183600000000, 0, 0, 1, 1
0.172185600000000, 0, 0, 1, 0
0.174492000000000, 0, 0, 1, 1
0.174494000000000, 0, 0, 1, 0
0.175024800000000, 0, 0, 1, 1
0.175026800000000, 0, 0, 1, 0
0.177333200000000, 0, 0, 1, 1
0.177335200000000, 0, 0, 1, 0
0.177866000000000, 0, 0, 1, 1
0.177868000000000, 0, 0, 1, 0
0.180174200000000, 0, 0, 1, 1
0.180176400000000, 0, 0, 1, 0
0.180707000000000, 0, 0, 1, 1
0.180709000000000, 0, 0, 1, 0
0.183015400000000, 0, 0, 1, 1
0.183017400000000, 0, 0, 1, 0
0.183548000000000, 0, 0, 1, 1
0.183550000000000, 0, 0, 1, 0
0.185856400000000, 0, 0, 1, 1
0.185858400000000, 0, 0, 1, 0
0.186389200000000, 0, 0, 1, 1
0.186391200000000, 0, 0, 1, 0
0.188697400000000, 0, 0, 1, 1
0.188699600000000, 0, 0, 1, 0
0.189230200000000, 0, 0, 1, 1
0.189232200000000, 0, 0, 1, 0
0.191538400000000, 0, 0, 1, 1
0.191540600000000, 0, 0, 1, 0
0.192071200000000, 0, 0, 1, 1
0.192073400000000, 0, 0, 1, 0
0.194379600000000, 0, 0, 1, 1
0.194381600000000, 0, 0, 1, 0
0.194912400000000, 0, 0, 1, 1
0.194914400000000, 0, 0, 1, 0
0.197220600000000, 0, 0, 1, 1
0.197222600000000, 0, 0, 1, 0
0.197753400000000, 0, 0, 1, 1
0.197755400000000, 0, 0, 1, 0
0.200061600000000, 0, 0, 1, 1
0.200063600000000, 0, 0, 1, 0
0.200594400000000, 0, 0, 1, 1
0.200596400000000, 0, 0, 1, 0
0.202902600000000, 0, 0, 1, 1
0.202904800000000, 0, 0, 1, 0
0.203435400000000, 0, 0, 1, 1
0.203437400000000, 0, 0, 1, 0
0.205743800000000, 0, 0, 1, 1
0.205745800000000, 0, 0, 1, 0
0.206276600000000, 0, 0, 1, 1
0.206278600000000, 0, 0, 1, 0
0.208584800000000, 0, 0, 1, 1
0.208587000000000, 0, 0, 1, 0
0.209117600000000, 0, 0, 1, 1
0.209119800000000, 0, 0, 1, 0
0.211426000000000, 0, 0, 1, 1
0.211428000000000, 0, 0, 1, 0
0.211958600000000, 0, 0, 1, 1
0.211960800000000, 0, 0, 1, 0
0.214267000000000, 0, 0, 1, 1
0.214269000000000, 0, 0, 1, 0
0.214799600000000, 0, 0, 1, 1
0.214801600000000, 0, 0, 1, 0
0.217107800000000, 0, 0, 1, 1
0.217109800000000, 0, 0, 1, 0
0.217640400000000, 0, 0, 1, 1
0.217642600000000, 0, 0, 1, 0
0.219948600000000, 0, 0, 1, 1
0.219950800000000, 0, 0, 1, 0
0.220481400000000, 0, 0, 1, 1
0.220483400000000, 0, 0, 1, 0
0.222789600000000, 0, 0, 1, 1
0.222791800000000, 0, 0, 1, 0
0.223322400000000, 0, 0, 1, 1
0.223324400000000, 0, 0, 1, 0
0.225630600000000, 0, 0, 1, 1
0.225632600000000, 0, 0, 1, 0
0.226163400000000, 0, 0, 1, 1
0.226165400000000, 0, 0, 1, 0
0.228471600000000, 0, 0, 1, 1
0.228473800000000, 0, 0, 1, 0
0.229004400000000, 0, 0, 1, 1
0.229006400000000, 0, 0, 1, 0
0.231312600000000, 0, 0, 1, 1
0.231314600000000, 0, 0, 1, 0
0.231845200000000, 0, 0, 1, 1
0.231847400000000, 0, 0, 1, 0
0.234153400000000, 0, 0, 1, 1
0.234155600000000, 0, 0, 1, 0
0.234686200000000, 0, 0, 1, 1
0.234688200000000, 0, 0, 1, 0
0.236994400000000, 0, 0, 1, 1
0.236996400000000, 0, 0, 1, 0
0.237527000000000, 0, 0, 1, 1
0.237529200000000, 0, 0, 1, 0
0.239835400000000, 0, 0, 1, 1
0.239837400000000, 0, 0, 1, 0
0.240368000000000, 0, 0, 1, 1
0.240370200000000, 0, 0, 1, 0
0.242676400000000, 0, 0, 1, 1
0.242678400000000, 0, 0, 1, 0
0.243209200000000, 0, 0, 1, 1
0.243211200000000, 0, 0, 1, 0
0.245517400000000, 0, 0, 1, 1
0.245519400000000, 0, 0, 1, 0
0.246050000000000, 0, 0, 1, 1
0.246052200000000, 0, 0, 1, 0
0.248358200000000, 0, 0, 1, 1
0.248360400000000, 0, 0, 1, 0
0.248891000000000, 0, 0, 1, 1
0.248893000000000, 0, 0, 1, 0
0.251199200000000, 0, 0, 1, 1
0.251201400000000, 0, 0, 1, 0
0.251732000000000, 0, 0, 1, 1
0.251734000000000, 0, 0, 1, 0
0.254040200000000, 0, 0, 1, 1
0.254042400000000, 0, 0, 1, 0
0.254573000000000, 0, 0, 1, 1
0.254575000000000, 0, 0, 1, 0
0.256881400000000, 0, 0, 1, 1
0.256883400000000, 0, 0, 1, 0
0.257414000000000, 0, 0, 1, 1
0.257416000000000, 0, 0, 1, 0
0.259722400000000, 0, 0, 1, 1
0.259724400000000, 0, 0, 1, 0
0.260255000000000, 0, 0, 1, 1
0.260257200000000, 0, 0, 1, 0
0.262563400000000, 0, 0, 1, 1
0.262565400000000, 0, 0, 1, 0
0.263096000000000, 0, 0, 1, 1
0.263098000000000, 0, 0, 1, 0
0.265404400000000, 0, 0, 1, 1
0.265406400000000, 0, 0, 1, 0
0.265937000000000, 0, 0, 1, 1
0.265939200000000, 0, 0, 1, 0
0.268245400000000, 0, 0, 1, 1
0.268247400000000, 0, 0, 1, 0
0.268778000000000, 0, 0, 1, 1
0.268780000000000, 0, 0, 1, 0
0.271086400000000, 0, 0, 1, 1
0.271088400000000, 0, 0, 1, 0
0.271619000000000, 0, 0, 1, 1
0.271621200000000, 0, 0, 1, 0
0.273927400000000, 0, 0, 1, 1
0.273929400000000, 0, 0, 1, 0
0.274460000000000, 0, 0, 1, 1
0.274462000000000, 0, 0, 1, 0
0.276768200000000, 0, 0, 1, 1
0.276770400000000, 0, 0, 1, 0
0.277301000000000, 0, 0, 1, 1
0.277303200000000, 0, 0, 1, 0
0.279609400000000, 0, 0, 1, 1
0.279611400000000, 0, 0, 1, 0
0.280635600000000, 0, 0, 1, 1
0.280637600000000, 0, 0, 1, 0
0.281814400000000, 0, 0, 1, 1
0.281816400000000, 0, 0, 1, 0
0.282532000000000, 0, 0, 1, 1
0.282534000000000, 0, 0, 1, 0
0.283710800000000, 0, 0, 1, 1
0.283712800000000, 0, 0, 1, 0
0.284428400000000, 0, 0, 1, 1
0.284430400000000, 0, 0, 1, 0
0.285607000000000, 0, 0, 1, 1
0.285609200000000, 0, 0, 1, 0
0.286324800000000, 0, 0, 1, 1
0.286326800000000, 0, 0, 1, 0
0.287503600000000, 0, 0, 1, 1
0.287505800000000, 0, 0, 1, 0
0.288221200000000, 0, 0, 1, 1
0.288223200000000, 0, 0, 1, 0
0.289400000000000, 0, 0, 1, 1
0.289402000000000, 0, 0, 1, 0
0.290117800000000, 0, 0, 1, 1
0.290119800000000, 0, 0, 1, 0
0.291296600000000, 0, 0, 1, 1
0.291298600000000, 0, 0, 1, 0
0.292014200000000, 0, 0, 1, 1
0.292016200000000, 0, 0, 1, 0
0.293193000000000, 0, 0, 1, 1
0.293195000000000, 0, 0, 1, 0
0.293910600000000, 0, 0, 1, 1
0.293912800000000, 0, 0, 1, 0
0.295089400000000, 0, 0, 1, 1
0.295091600000000, 0, 0, 1, 0
0.295807000000000, 0, 0, 1, 1
0.295809200000000, 0, 0, 1, 0
0.296985800000000, 0, 0, 1, 1
0.296988000000000, 0, 0, 1, 0
0.297703600000000, 0, 0, 1, 1
0.297705600000000, 0, 0, 1, 0
0.298882400000000, 0, 0, 1, 1
0.298884400000000, 0, 0, 1, 0
0.299600000000000, 0, 0, 1, 1
0.299602000000000, 0, 0, 1, 0
0.300778800000000, 0, 0, 1, 1
0.300780800000000, 0, 0, 1, 0
0.301496600000000, 0, 0, 1, 1
0.301498600000000, 0, 0, 1, 0
0.302675400000000, 0, 0, 1, 1
0.302677400000000, 0, 0, 1, 0
0.303393000000000, 0, 0, 1, 1
0.303395000000000, 0, 0, 1, 0
0.304571800000000, 0, 0, 1, 1
0.304573800000000, 0, 0, 1, 0
0.305289400000000, 0, 0, 1, 1
0.305291600000000, 0, 0, 1, 0
0.306468400000000, 0, 0, 1, 1
0.306470400000000, 0, 0, 1, 0
0.307186000000000, 0, 0, 1, 1
0.307188000000000, 0, 0, 1, 0
0.308364800000000, 0, 0, 1, 1
0.308366800000000, 0, 0, 1, 0
0.309082400000000, 0, 0, 1, 1
0.309084600000000, 0, 0, 1, 0
0.310261200000000, 0, 0, 1, 1
0.310263400000000, 0, 0, 1, 0
0.310978800000000, 0, 0, 1, 1
0.310981000000000, 0, 0, 1, 0
0.312157600000000, 0, 0, 1, 1
0.312159800000000, 0, 0, 1, 0
0.312875400000000, 0, 0, 1, 1
0.312877400000000, 0, 0, 1, 0
0.314054200000000, 0, 0, 1, 1
0.314056200000000, 0, 0, 1, 0
0.314771800000000, 0, 0, 1, 1
0.314774000000000, 0, 0, 1, 0
0.315950600000000, 0, 0, 1, 1
0.315952800000000, 0, 0, 1, 0
0.316668400000000, 0, 0, 1, 1
0.316670600000000, 0, 0, 1, 0
0.317847400000000, 0, 0, 1, 1
0.317849400000000, 0, 0, 1, 0
0.318565000000000, 0, 0, 1, 1
0.318567000000000, 0, 0, 1, 0
0.319743800000000, 0, 0, 1, 1
0.319745800000000, 0, 0, 1, 0
0.320461400000000, 0, 0, 1, 1
0.320463600000000, 0, 0, 1, 0
0.321640200000000, 0, 0, 1, 1
0.321642400000000, 0, 0, 1, 0
0.322357800000000, 0, 0, 1, 1
0.322359800000000, 0, 0, 1, 0
0.323536600000000, 0, 0, 1, 1
0.323538600000000, 0, 0, 1, 0
0.324254400000000, 0, 0, 1, 1
0.324256400000000, 0, 0, 1, 0
0.325433200000000, 0, 0, 1, 1
0.325435200000000, 0, 0, 1, 0
0.326150800000000, 0, 0, 1, 1
0.326152800000000, 0, 0, 1, 0
0.327329600000000, 0, 0, 1, 1
0.327331600000000, 0, 0, 1, 0
0.328047200000000, 0, 0, 1, 1
0.328049400000000, 0, 0, 1, 0
0.329226000000000, 0, 0, 1, 1
0.329228200000000, 0, 0, 1, 0
0.329943600000000, 0, 0, 1, 1
0.329945600000000, 0, 0, 1, 0
0.331122400000000, 0, 0, 1, 1
0.331124400000000, 0, 0, 1, 0
0.331840000000000, 0, 0, 1, 1
0.331842200000000, 0, 0, 1, 0
0.333018800000000, 0, 0, 1, 1
0.333021000000000, 0, 0, 1, 0
0.333736400000000, 0, 0, 1, 1
0.333738600000000, 0, 0, 1, 0
0.334915200000000, 0, 0, 1, 1
0.334917200000000, 0, 0, 1, 0
0.335633000000000, 0, 0, 1, 1
0.335635000000000, 0, 0, 1, 0
0.336811800000000, 0, 0, 1, 1
0.336813800000000, 0, 0, 1, 0
0.337529400000000, 0, 0, 1, 1
0.337531400000000, 0, 0, 1, 0
0.338708200000000, 0, 0, 1, 1
0.338710200000000, 0, 0, 1, 0
0.339426000000000, 0, 0, 1, 1
0.339428000000000, 0, 0, 1, 0
0.340604800000000, 0, 0, 1, 1
0.340606800000000, 0, 0, 1, 0
0.341322400000000, 0, 0, 1, 1
0.341324400000000, 0, 0, 1, 0
0.342501200000000, 0, 0, 1, 1
0.342503200000000, 0, 0, 1, 0
0.343218800000000, 0, 0, 1, 1
0.343221000000000, 0, 0, 1, 0
0.344397600000000, 0, 0, 1, 1
0.344399800000000, 0, 0, 1, 0
0.345115200000000, 0, 0, 1, 1
0.345117200000000, 0, 0, 1, 0
0.346294000000000, 0, 0, 1, 1
0.346296000000000, 0, 0, 1, 0
0.347011600000000, 0, 0, 1, 1
0.347013800000000, 0, 0, 1, 0
0.348190400000000, 0, 0, 1, 1
0.348192600000000, 0, 0, 1, 0
0.348908000000000, 0, 0, 1, 1
0.348910200000000, 0, 0, 1, 0
0.350086800000000, 0, 0, 1, 1
0.350089000000000, 0, 0, 1, 0
0.350804600000000, 0, 0, 1, 1
0.350806600000000, 0, 0, 1, 0
0.351983400000000, 0, 0, 1, 1
0.351985400000000, 0, 0, 1, 0
0.352701000000000, 0, 0, 1, 1
0.352703000000000, 0, 0, 1, 0
0.353879600000000, 0, 0, 1, 1
0.353881800000000, 0, 0, 1, 0
0.354597400000000, 0, 0, 1, 1
0.354599400000000, 0, 0, 1, 0
0.355776200000000, 0, 0, 1, 1
0.355778200000000, 0, 0, 1, 0
0.356493800000000, 0, 0, 1, 1
0.356495800000000, 0, 0, 1, 0
0.357672600000000, 0, 0, 1, 1
0.357674600000000, 0, 0, 1, 0
0.358390200000000, 0, 0, 1, 1
0.358392400000000, 0, 0, 1, 0
0.359569200000000, 0, 0, 1, 1
0.359571200000000, 0, 0, 1, 0
0.360286800000000, 0, 0, 1, 1
0.360288800000000, 0, 0, 1, 0
0.361465600000000, 0, 0, 1, 1
0.361467600000000, 0, 0, 1, 0
0.362183200000000, 0, 0, 1, 1
0.362185400000000, 0, 0, 1, 0
0.363362000000000, 0, 0, 1, 1
0.363364200000000, 0, 0, 1, 0
0.364079600000000, 0, 0, 1, 1
0.364081600000000, 0, 0, 1, 0
0.365258400000000, 0, 0, 1, 1
0.365260400000000, 0, 0, 1, 0
0.365976200000000, 0, 0, 1, 1
0.365978200000000, 0, 0, 1, 0
0.367154800000000, 0, 0, 1, 1
0.367157000000000, 0, 0, 1, 0
0.367872400000000, 0, 0, 1, 1
0.367874600000000, 0, 0, 1, 0
0.369051200000000, 0, 0, 1, 1
0.369053400000000, 0, 0, 1, 0
0.369769000000000, 0, 0, 1, 1
0.369771000000000, 0, 0, 1, 0
0.370947600000000, 0, 0, 1, 1
0.370949800000000, 0, 0, 1, 0
0.371665200000000, 0, 0, 1, 1
0.371667200000000, 0, 0, 1, 0
0.372844000000000, 0, 0, 1, 1
0.372846000000000, 0, 0, 1, 0
0.373561600000000, 0, 0, 1, 1
0.373563600000000, 0, 0, 1, 0
0.374740400000000, 0, 0, 1, 1
0.374742400000000, 0, 0, 1, 0
0.375458000000000, 0, 0, 1, 1
0.375460000000000, 0, 0, 1, 0
0.376636800000000, 0, 0, 1, 1
0.376638800000000, 0, 0, 1, 0
0.377354400000000, 0, 0, 1, 1
0.377356600000000, 0, 0, 1, 0
0.378533200000000, 0, 0, 1, 1
0.378535400000000, 0, 0, 1, 0
0.379250800000000, 0, 0, 1, 1
0.379252800000000, 0, 0, 1, 0
0.380429600000000, 0, 0, 1, 1
0.380431600000000, 0, 0, 1, 0
0.381147200000000, 0, 0, 1, 1
0.381149400000000, 0, 0, 1, 0
0.382326000000000, 0, 0, 1, 1
0.382328000000000, 0, 0, 1, 0
0.383043600000000, 0, 0, 1, 1
0.383045600000000, 0, 0, 1, 0
0.384222400000000, 0, 0, 1, 1
0.384224400000000, 0, 0, 1, 0
0.384940000000000, 0, 0, 1, 1
0.384942000000000, 0, 0, 1, 0
0.386118800000000, 0, 0, 1, 1
0.386120800000000, 0, 0, 1, 0
0.386836400000000, 0, 0, 1, 1
0.386838400000000, 0, 0, 1, 0
0.388015200000000, 0, 0, 1, 1
0.388017200000000, 0, 0, 1, 0
0.388732800000000, 0, 0, 1, 1
0.388734800000000, 0, 0, 1, 0
0.389911600000000, 0, 0, 1, 1
0.389913800000000, 0, 0, 1, 0
0.390629200000000, 0, 0, 1, 1
0.390631400000000, 0, 0, 1, 0
0.391808000000000, 0, 0, 1, 1
0.391810200000000, 0, 0, 1, 0
0.392525800000000, 0, 0, 1, 1
0.392527800000000, 0, 0, 1, 0
0.393704600000000, 0, 0, 1, 1
0.393706600000000, 0, 0, 1, 0
0.394422000000000, 0, 0, 1, 1
0.394424200000000, 0, 0, 1, 0
0.395600800000000, 0, 0, 1, 1
0.395602800000000, 0, 0, 1, 0
0.396318600000000, 0, 0, 1, 1
0.396320600000000, 0, 0, 1, 0
0.397497400000000, 0, 0, 1, 1
0.397499400000000, 0, 0, 1, 0
0.398215000000000, 0, 0, 1, 1
0.398217000000000, 0, 0, 1, 0
0.399393800000000, 0, 0, 1, 1
0.399395800000000, 0, 0, 1, 0
0.400111400000000, 0, 0, 1, 1
0.400113600000000, 0, 0, 1, 0
0.401290200000000, 0, 0, 1, 1
0.401292200000000, 0, 0, 1, 0
0.402007800000000, 0, 0, 1, 1
0.402009800000000, 0, 0, 1, 0
0.403186600000000, 0, 0, 1, 1
0.403188600000000, 0, 0, 1, 0
0.403904200000000, 0, 0, 1, 1
0.403906200000000, 0, 0, 1, 0
0.405083000000000, 0, 0, 1, 1
0.405085000000000, 0, 0, 1, 0
0.405800600000000, 0, 0, 1, 1
0.405802600000000, 0, 0, 1, 0
0.406979200000000, 0, 0, 1, 1
0.406981200000000, 0, 0, 1, 0
0.407696800000000, 0, 0, 1, 1
0.407699000000000, 0, 0, 1, 0
0.408875600000000, 0, 0, 1, 1
0.408877600000000, 0, 0, 1, 0
0.409593200000000, 0, 0, 1, 1
0.409595200000000, 0, 0, 1, 0
0.410772000000000, 0, 0, 1, 1
0.410774000000000, 0, 0, 1, 0
0.411489600000000, 0, 0, 1, 1
0.411491800000000, 0, 0, 1, 0
0.412668400000000, 0, 0, 1, 1
0.412670600000000, 0, 0, 1, 0
0.413386000000000, 0, 0, 1, 1
0.413388200000000, 0, 0, 1, 0
0.414564800000000, 0, 0, 1, 1
0.414566800000000, 0, 0, 1, 0
0.415282600000000, 0, 0, 1, 1
0.415284600000000, 0, 0, 1, 0
0.416461400000000, 0, 0, 1, 1
0.416463400000000, 0, 0, 1, 0
0.417179000000000, 0, 0, 1, 1
0.417181000000000, 0, 0, 1, 0
0.418357800000000, 0, 0, 1, 1
0.418359800000000, 0, 0, 1, 0
0.419075400000000, 0, 0, 1, 1
0.419077600000000, 0, 0, 1, 0
0.420254200000000, 0, 0, 1, 1
0.420256200000000, 0, 0, 1, 0
0.420971800000000, 0, 0, 1, 1
0.420973800000000, 0, 0, 1, 0
0.422150600000000, 0, 0, 1, 1
0.422152600000000, 0, 0, 1, 0
0.422868200000000, 0, 0, 1, 1
0.422870400000000, 0, 0, 1, 0
0.424047000000000, 0, 0, 1, 1
0.424049200000000, 0, 0, 1, 0
0.424764600000000, 0, 0, 1, 1
0.424766800000000, 0, 0, 1, 0
0.425943400000000, 0, 0, 1, 1
0.425945600000000, 0, 0, 1, 0
0.426661200000000, 0, 0, 1, 1
0.426663200000000, 0, 0, 1, 0
0.427840000000000, 0, 0, 1, 1
0.427842000000000, 0, 0, 1, 0
0.428557600000000, 0, 0, 1, 1
0.428559600000000, 0, 0, 1, 0
0.429736400000000, 0, 0, 1, 1
0.429738400000000, 0, 0, 1, 0
0.430454000000000, 0, 0, 1, 1
0.430456200000000, 0, 0, 1, 0
0.431632800000000, 0, 0, 1, 1
0.431634800000000, 0, 0, 1, 0
0.432350400000000, 0, 0, 1, 1
0.432352400000000, 0, 0, 1, 0
0.433529200000000, 0, 0, 1, 1
0.433531200000000, 0, 0, 1, 0
0.434246800000000, 0, 0, 1, 1
0.434249000000000, 0, 0, 1, 0
0.435425600000000, 0, 0, 1, 1
0.435427800000000, 0, 0, 1, 0
0.436143200000000, 0, 0, 1, 1
0.436145400000000, 0, 0, 1, 0
0.437322000000000, 0, 0, 1, 1
0.437324000000000, 0, 0, 1, 0
0.438039800000000, 0, 0, 1, 1
0.438041800000000, 0, 0, 1, 0
0.439218600000000, 0, 0, 1, 1
0.439220600000000, 0, 0, 1, 0
0.439936200000000, 0, 0, 1, 1
0.439938200000000, 0, 0, 1, 0
0.441115000000000, 0, 0, 1, 1
0.441117000000000, 0, 0, 1, 0
0.441832600000000, 0, 0, 1, 1
0.441834800000000, 0, 0, 1, 0
0.443011600000000, 0, 0, 1, 1
0.443013600000000, 0, 0, 1, 0
0.443729200000000, 0, 0, 1, 1
0.443731200000000, 0, 0, 1, 0
0.444908000000000, 0, 0, 1, 1
0.444910000000000, 0, 0, 1, 0
0.445625800000000, 0, 0, 1, 1
0.445627800000000, 0, 0, 1, 0
0.446804600000000, 0, 0, 1, 1
0.446806600000000, 0, 0, 1, 0
0.447522200000000, 0, 0, 1, 1
0.447524200000000, 0, 0, 1, 0
0.448701000000000, 0, 0, 1, 1
0.448703000000000, 0, 0, 1, 0
0.449418600000000, 0, 0, 1, 1
0.449420600000000, 0, 0, 1, 0
0.450597400000000, 0, 0, 1, 1
0.450599400000000, 0, 0, 1, 0
0.451315000000000, 0, 0, 1, 1
0.451317000000000, 0, 0, 1, 0
0.452493800000000, 0, 0, 1, 1
0.452495800000000, 0, 0, 1, 0
0.453211600000000, 0, 0, 1, 1
0.453213600000000, 0, 0, 1, 0
0.454390400000000, 0, 0, 1, 1
0.454392400000000, 0, 0, 1, 0
0.455108000000000, 0, 0, 1, 1
0.455110000000000, 0, 0, 1, 0
0.456286600000000, 0, 0, 1, 1
0.456288800000000, 0, 0, 1, 0
0.457004400000000, 0, 0, 1, 1
0.457006400000000, 0, 0, 1, 0
0.458183200000000, 0, 0, 1, 1
0.458185200000000, 0, 0, 1, 0
0.458900800000000, 0, 0, 1, 1
0.458902800000000, 0, 0, 1, 0
0.460079600000000, 0, 0, 1, 1
0.460081600000000, 0, 0, 1, 0
0.460797200000000, 0, 0, 1, 1
0.460799400000000, 0, 0, 1, 0
0.461976000000000, 0, 0, 1, 1
0.461978000000000, 0, 0, 1, 0
0.462693600000000, 0, 0, 1, 1
0.462695600000000, 0, 0, 1, 0
0.463872400000000, 0, 0, 1, 1
0.463874400000000, 0, 0, 1, 0
0.464590200000000, 0, 0, 1, 1
0.464592200000000, 0, 0, 1, 0
0.465769000000000, 0, 0, 1, 1
0.465771000000000, 0, 0, 1, 0
0.466796800000000, 0, 0, 1, 1
0.466798800000000, 0, 0, 1, 0
0.480894200000000, 0, 0, 1, 1
0.480896200000000, 0, 0, 1, 0
0.481612600000000, 0, 0, 1, 1
0.481614600000000, 0, 0, 1, 0
0.495710400000000, 0, 0, 1, 1
0.495712400000000, 0, 0, 1, 0
0.496428600000000, 0, 0, 1, 1
0.496430600000000, 0, 0, 1, 0
0.510526000000000, 0, 0, 1, 1
0.510528000000000, 0, 0, 1, 0
0.511244400000000, 0, 0, 1, 1
0.511246400000000, 0, 0, 1, 0
0.525341600000000, 0, 0, 1, 1
0.525343600000000, 0, 0, 1, 0
0.526059800000000, 0, 0, 1, 1
0.526061800000000, 0, 0, 1, 0
0.540157200000000, 0, 0, 1, 1
0.540159200000000, 0, 0, 1, 0
0.540875400000000, 0, 0, 1, 1
0.540877600000000, 0, 0, 1, 0
0.554972800000000, 0, 0, 1, 1
0.554974800000000, 0, 0, 1, 0
0.555690800000000, 0, 0, 1, 1
0.555693000000000, 0, 0, 1, 0
0.569788200000000, 0, 0, 1, 1
0.569790200000000, 0, 0, 1, 0
0.570506600000000, 0, 0, 1, 1
0.570508600000000, 0, 0, 1, 0
0.584604000000000, 0, 0, 1, 1
0.584606200000000, 0, 0, 1, 0
0.585322200000000, 0, 0, 1, 1
0.585324400000000, 0, 0, 1, 0
0.599419600000000, 0, 0, 1, 1
0.599421800000000, 0, 0, 1, 0
0.600138000000000, 0, 0, 1, 1
0.600140000000000, 0, 0, 1, 0
0.614235400000000, 0, 0, 1, 1
0.614237400000000, 0, 0, 1, 0
0.614953600000000, 0, 0, 1, 1
0.614955600000000, 0, 0, 1, 0
0.629051000000000, 0, 0, 1, 1
0.629053000000000, 0, 0, 1, 0
0.629769400000000, 0, 0, 1, 1
0.629771400000000, 0, 0, 1, 0
0.643866800000000, 0, 0, 1, 1
0.643868800000000, 0, 0, 1, 0
0.644585000000000, 0, 0, 1, 1
0.644587000000000, 0, 0, 1, 0
0.658682600000000, 0, 0, 1, 1
0.658684600000000, 0, 0, 1, 0
0.659401000000000, 0, 0, 1, 1
0.659403000000000, 0, 0, 1, 0
0.673498800000000, 0, 0, 1, 1
0.673500800000000, 0, 0, 1, 0
0.674217000000000, 0, 0, 1, 1
0.674219000000000, 0, 0, 1, 0
0.688314400000000, 0, 0, 1, 1
0.688316400000000, 0, 0, 1, 0
0.689032800000000, 0, 0, 1, 1
0.689034800000000, 0, 0, 1, 0
0.703130600000000, 0, 0, 1, 1
0.703132800000000, 0, 0, 1, 0
0.703849000000000, 0, 0, 1, 1
0.703851000000000, 0, 0, 1, 0
0.717947000000000, 0, 0, 1, 1
0.717949200000000, 0, 0, 1, 0
0.718665400000000, 0, 0, 1, 1
0.718667600000000, 0, 0, 1, 0
0.732763600000000, 0, 0, 1, 1
0.732765600000000, 0, 0, 1, 0
0.733481800000000, 0, 0, 1, 1
0.733483800000000, 0, 0, 1, 0
0.747579800000000, 0, 0, 1, 1
0.747581800000000, 0, 0, 1, 0
0.748298200000000, 0, 0, 1, 1
0.748300200000000, 0, 0, 1, 0
0.762396200000000, 0, 0, 1, 1
0.762398200000000, 0, 0, 1, 0
0.763114400000000, 0, 0, 1, 1
0.763116400000000, 0, 0, 1, 0
0.777212400000000, 0, 0, 1, 1
0.777214400000000, 0, 0, 1, 0
0.777930800000000, 0, 0, 1, 1
0.777932800000000, 0, 0, 1, 0
0.792028800000000, 0, 0, 1, 1
0.792030800000000, 0, 0, 1, 0
0.792747000000000, 0, 0, 1, 1
0.792749000000000, 0, 0, 1, 0
0.806844600000000, 0, 0, 1, 1
0.806846600000000, 0, 0, 1, 0
0.807563000000000, 0, 0, 1, 1
0.807565000000000, 0, 0, 1, 0
0.821661000000000, 0, 0, 1, 1
0.821663000000000, 0, 0, 1, 0
0.822379200000000, 0, 0, 1, 1
0.822381400000000, 0, 0, 1, 0
0.836477200000000, 0, 0, 1, 1
0.836479200000000, 0, 0, 1, 0
0.837195600000000, 0, 0, 1, 1
0.837197600000000, 0, 0, 1, 0
0.851293400000000, 0, 0, 1, 1
0.851295400000000, 0, 0, 1, 0
0.852011600000000, 0, 0, 1, 1
0.852013600000000, 0, 0, 1, 0
0.866109400000000, 0, 0, 1, 1
0.866111600000000, 0, 0, 1, 0
0.866827800000000, 0, 0, 1, 1
0.866829800000000, 0, 0, 1, 0
0.880925400000000, 0, 0, 1, 1
0.880927600000000, 0, 0, 1, 0
0.881643600000000, 0, 0, 1, 1
0.881645800000000, 0, 0, 1, 0
0.895740800000000, 0, 0, 1, 1
0.895743000000000, 0, 0, 1, 0
0.896459200000000, 0, 0, 1, 1
0.896461200000000, 0, 0, 1, 0
0.910556800000000, 0, 0, 1, 1
0.910558800000000, 0, 0, 1, 0
0.911274800000000, 0, 0, 1, 1
0.911277000000000, 0, 0, 1, 0
0.925372000000000, 0, 0, 1, 1
0.925374000000000, 0, 0, 1, 0
0.926090200000000, 0, 0, 1, 1
0.926092400000000, 0, 0, 1, 0
0.940187400000000, 0, 0, 1, 1
0.940189400000000, 0, 0, 1, 0
0.940905600000000, 0, 0, 1, 1
0.940907600000000, 0, 0, 1, 0
0.955003000000000, 0, 0, 1, 1
0.955005000000000, 0, 0, 1, 0
0.955721400000000, 0, 0, 1, 1
0.955723400000000, 0, 0, 1, 0
0.969818600000000, 0, 0, 1, 1
0.969820600000000, 0, 0, 1, 0
0.970536800000000, 0, 0, 1, 1
0.970538800000000, 0, 0, 1, 0
0.984634000000000, 0, 0, 1, 1
0.984636200000000, 0, 0, 1, 0
0.985352400000000, 0, 0, 1, 1
0.985354400000000, 0, 0, 1, 0
0.999449400000000, 0, 0, 1, 1
0.999451600000000, 0, 0, 1, 0
1.000167600000000, 0, 0, 1, 1
1.000169800000000, 0, 0, 1, 0
1.014265000000000, 0, 0, 1, 1
1.014267200000000, 0, 0, 1, 0
1.014983400000000, 0, 0, 1, 1
1.014985400000000, 0, 0, 1, 0
1.029080400000000, 0, 0, 1, 1
1.029082400000000, 0, 0, 1, 0
1.029798600000000, 0, 0, 1, 1
1.029800600000000, 0, 0, 1, 0
1.043895600000000, 0, 0, 1, 1
1.043897600000000, 0, 0, 1, 0
1.044613800000000, 0, 0, 1, 1
1.044616000000000, 0, 0, 1, 0
1.058711400000000, 0, 0, 1, 1
1.058713400000000, 0, 0, 1, 0
1.059429600000000, 0, 0, 1, 1
1.059431600000000, 0, 0, 1, 0
1.073527200000000, 0, 0, 1, 1
1.073529200000000, 0, 0, 1, 0
1.074245400000000, 0, 0, 1, 1
1.074247600000000, 0, 0, 1, 0
1.088343000000000, 0, 0, 1, 1
1.088345000000000, 0, 0, 1, 0
1.089061200000000, 0, 0, 1, 1
1.089063200000000, 0, 0, 1, 0
1.103158400000000, 0, 0, 1, 1
1.103160400000000, 0, 0, 1, 0
1.103876600000000, 0, 0, 1, 1
1.103878800000000, 0, 0, 1, 0
1.117974000000000, 0, 0, 1, 1
1.117976000000000, 0, 0, 1, 0
1.118692200000000, 0, 0, 1, 1
1.118694400000000, 0, 0, 1, 0
1.132790400000000, 0, 0, 1, 1
1.132792400000000, 0, 0, 1, 0
1.133508600000000, 0, 0, 1, 1
1.133510800000000, 0, 0, 1, 0
1.147606200000000, 0, 0, 1, 1
1.147608200000000, 0, 0, 1, 0
1.148324400000000, 0, 0, 1, 1
1.148326600000000, 0, 0, 1, 0
1.162422000000000, 0, 0, 1, 1
1.162424000000000, 0, 0, 1, 0
1.163140200000000, 0, 0, 1, 1
1.163142400000000, 0, 0, 1, 0
1.177238000000000, 0, 0, 1, 1
1.177240000000000, 0, 0, 1, 0
1.177956200000000, 0, 0, 1, 1
1.177958200000000, 0, 0, 1, 0
1.192053400000000, 0, 0, 1, 1
1.192055600000000, 0, 0, 1, 0
1.192771800000000, 0, 0, 1, 1
1.192773800000000, 0, 0, 1, 0
1.206869600000000, 0, 0, 1, 1
1.206871600000000, 0, 0, 1, 0
1.207587800000000, 0, 0, 1, 1
1.207589800000000, 0, 0, 1, 0
1.221685000000000, 0, 0, 1, 1
1.221687000000000, 0, 0, 1, 0
1.222403400000000, 0, 0, 1, 1
1.222405400000000, 0, 0, 1, 0
1.236500800000000, 0, 0, 1, 1
1.236502800000000, 0, 0, 1, 0
1.237219000000000, 0, 0, 1, 1
1.237221200000000, 0, 0, 1, 0
1.251316400000000, 0, 0, 1, 1
1.251318600000000, 0, 0, 1, 0
1.252034800000000, 0, 0, 1, 1
1.252036800000000, 0, 0, 1, 0
1.266132200000000, 0, 0, 1, 1
1.266134400000000, 0, 0, 1, 0
1.266850600000000, 0, 0, 1, 1
1.266852600000000, 0, 0, 1, 0
1.280948800000000, 0, 0, 1, 1
1.280950800000000, 0, 0, 1, 0
1.281667200000000, 0, 0, 1, 1
1.281669200000000, 0, 0, 1, 0
1.295765200000000, 0, 0, 1, 1
1.295767400000000, 0, 0, 1, 0
1.296483400000000, 0, 0, 1, 1
1.296485600000000, 0, 0, 1, 0
1.310581200000000, 0, 0, 1, 1
1.310583200000000, 0, 0, 1, 0
1.311299400000000, 0, 0, 1, 1
1.311301600000000, 0, 0, 1, 0
1.325397600000000, 0, 0, 1, 1
1.325399600000000, 0, 0, 1, 0
1.326115800000000, 0, 0, 1, 1
1.326117800000000, 0, 0, 1, 0
1.340213600000000, 0, 0, 1, 1
1.340215600000000, 0, 0, 1, 0
1.340932000000000, 0, 0, 1, 1
1.340934000000000, 0, 0, 1, 0
1.355030200000000, 0, 0, 1, 1
1.355032200000000, 0, 0, 1, 0
1.355748400000000, 0, 0, 1, 1
1.355750400000000, 0, 0, 1, 0
1.369846400000000, 0, 0, 1, 1
1.369848600000000, 0, 0, 1, 0
1.370564800000000, 0, 0, 1, 1
1.370567000000000, 0, 0, 1, 0
1.384663000000000, 0, 0, 1, 1
1.384665200000000, 0, 0, 1, 0
1.385381200000000, 0, 0, 1, 1
1.385383400000000, 0, 0, 1, 0
1.399478800000000, 0, 0, 1, 1
1.399480800000000, 0, 0, 1, 0
1.400197000000000, 0, 0, 1, 1
1.400199200000000, 0, 0, 1, 0
1.414295000000000, 0, 0, 1, 1
1.414297000000000, 0, 0, 1, 0
1.415013200000000, 0, 0, 1, 1
1.415015400000000, 0, 0, 1, 0
1.429110800000000, 0, 0, 1, 1
1.429112800000000, 0, 0, 1, 0
1.429829200000000, 0, 0, 1, 1
1.429831200000000, 0, 0, 1, 0
1.443927000000000, 0, 0, 1, 1
1.443929000000000, 0, 0, 1, 0
1.444645200000000, 0, 0, 1, 1
1.444647200000000, 0, 0, 1, 0
1.458742800000000, 0, 0, 1, 1
1.458744800000000, 0, 0, 1, 0
1.459461200000000, 0, 0, 1, 1
1.459463200000000, 0, 0, 1, 0
1.473558400000000, 0, 0, 1, 1
1.473560400000000, 0, 0, 1, 0
1.474276600000000, 0, 0, 1, 1
1.474278600000000, 0, 0, 1, 0
1.488373800000000, 0, 0, 1, 1
1.488375800000000, 0, 0, 1, 0
1.489092200000000, 0, 0, 1, 1
1.489094200000000, 0, 0, 1, 0
1.503189400000000, 0, 0, 1, 1
1.503191400000000, 0, 0, 1, 0
1.503907600000000, 0, 0, 1, 1
1.503909600000000, 0, 0, 1, 0
1.518004800000000, 0, 0, 1, 1
1.518007000000000, 0, 0, 1, 0
1.518723200000000, 0, 0, 1, 1
1.518725200000000, 0, 0, 1, 0
1.532820800000000, 0, 0, 1, 1
1.532822800000000, 0, 0, 1, 0
1.533539000000000, 0, 0, 1, 1
1.533541000000000, 0, 0, 1, 0
1.547636600000000, 0, 0, 1, 1
1.547638800000000, 0, 0, 1, 0
1.548355000000000, 0, 0, 1, 1
1.548357000000000, 0, 0, 1, 0
1.562452600000000, 0, 0, 1, 1
1.562454600000000, 0, 0, 1, 0
1.563170800000000, 0, 0, 1, 1
1.563172800000000, 0, 0, 1, 0
1.577268400000000, 0, 0, 1, 1
1.577270600000000, 0, 0, 1, 0
1.577986800000000, 0, 0, 1, 1
1.577988800000000, 0, 0, 1, 0
1.592084200000000, 0, 0, 1, 1
1.592086200000000, 0, 0, 1, 0
1.592802400000000, 0, 0, 1, 1
1.592804600000000, 0, 0, 1, 0
1.606900200000000, 0, 0, 1, 1
1.606902400000000, 0, 0, 1, 0
1.607618600000000, 0, 0, 1, 1
1.607620600000000, 0, 0, 1, 0
1.621716400000000, 0, 0, 1, 1
1.621718600000000, 0, 0, 1, 0
1.622434600000000, 0, 0, 1, 1
1.622436800000000, 0, 0, 1, 0
1.636532400000000, 0, 0, 1, 1
1.636534400000000, 0, 0, 1, 0
1.637250800000000, 0, 0, 1, 1
1.637252800000000, 0, 0, 1, 0
1.651348400000000, 0, 0, 1, 1
1.651350600000000, 0, 0, 1, 0
1.652066600000000, 0, 0, 1, 1
1.652068800000000, 0, 0, 1, 0
1.666164400000000, 0, 0, 1, 1
1.666166400000000, 0, 0, 1, 0
1.666882800000000, 0, 0, 1, 1
1.666884800000000, 0, 0, 1, 0
1.680980400000000, 0, 0, 1, 1
1.680982400000000, 0, 0, 1, 0
1.681698600000000, 0, 0, 1, 1
1.681700600000000, 0, 0, 1, 0
1.695796000000000, 0, 0, 1, 1
1.695798000000000, 0, 0, 1, 0
1.696514200000000, 0, 0, 1, 1
1.696516400000000, 0, 0, 1, 0
1.710611400000000, 0, 0, 1, 1
1.710613400000000, 0, 0, 1, 0
1.711329600000000, 0, 0, 1, 1
1.711331600000000, 0, 0, 1, 0
1.725427000000000, 0, 0, 1, 1
1.725429000000000, 0, 0, 1, 0
1.726145200000000, 0, 0, 1, 1
1.726147400000000, 0, 0, 1, 0
1.740242800000000, 0, 0, 1, 1
1.740244800000000, 0, 0, 1, 0
1.740961000000000, 0, 0, 1, 1
1.740963000000000, 0, 0, 1, 0
1.755058600000000, 0, 0, 1, 1
1.755060600000000, 0, 0, 1, 0
1.755776800000000, 0, 0, 1, 1
1.755779000000000, 0, 0, 1, 0
1.769874400000000, 0, 0, 1, 1
1.769876400000000, 0, 0, 1, 0
1.770592600000000, 0, 0, 1, 1
1.770594600000000, 0, 0, 1, 0
1.784689800000000, 0, 0, 1, 1
1.784691800000000, 0, 0, 1, 0
1.785408200000000, 0, 0, 1, 1
1.785410200000000, 0, 0, 1, 0
1.799505600000000, 0, 0, 1, 1
1.799507600000000, 0, 0, 1, 0
1.800223800000000, 0, 0, 1, 1
1.800225800000000, 0, 0, 1, 0
1.814321200000000, 0, 0, 1, 1
1.814323400000000, 0, 0, 1, 0
1.815039600000000, 0, 0, 1, 1
1.815041800000000, 0, 0, 1, 0
1.829137600000000, 0, 0, 1, 1
1.829139800000000, 0, 0, 1, 0
1.829856000000000, 0, 0, 1, 1
1.829858000000000, 0, 0, 1, 0
1.843953400000000, 0, 0, 1, 1
1.843955600000000, 0, 0, 1, 0
1.844671800000000, 0, 0, 1, 1
1.844673800000000, 0, 0, 1, 0
1.858769400000000, 0, 0, 1, 1
1.858771400000000, 0, 0, 1, 0
1.859487600000000, 0, 0, 1, 1
1.859489600000000, 0, 0, 1, 0
1.873585200000000, 0, 0, 1, 1
1.873587200000000, 0, 0, 1, 0
1.874303600000000, 0, 0, 1, 1
1.874305600000000, 0, 0, 1, 0
1.888401200000000, 0, 0, 1, 1
1.888403200000000, 0, 0, 1, 0
1.889119400000000, 0, 0, 1, 1
1.889121400000000, 0, 0, 1, 0
1.903217000000000, 0, 0, 1, 1
1.903219000000000, 0, 0, 1, 0
1.903935400000000, 0, 0, 1, 1
1.903937400000000, 0, 0, 1, 0
1.918033200000000, 0, 0, 1, 1
1.918035400000000, 0, 0, 1, 0
1.994992800000000, 0, 1, 1, 0
1.995057400000000, 0, 0, 1, 0
2.065274000000000, 0, 1, 1, 0
2.065338600000000, 0, 0, 1, 0
2.065482600000000, 0, 0, 1, 1
2.065504200000000, 0, 0, 1, 0
2.144083200000000, 0, 0, 1, 1
2.144105000000000, 0, 0, 1, 0
2.144494400000000, 0, 0, 1, 1
2.144516200000000, 0, 0, 1, 0
2.182708800000000, 0, 0, 1, 1
2.182730600000000, 0, 0, 1, 0
2.186854200000000, 0, 0, 1, 1
2.186897000000000, 0, 0, 1, 0
2.193792600000000, 0, 0, 1, 1
2.193835400000000, 0, 0, 1, 0
2.194294800000000, 0, 1, 1, 0
2.194359400000000, 0, 0, 1, 0
2.194408400000000, 1, 0, 1, 0
2.194473000000000, 0, 0, 1, 0
2.194603200000000, 1, 0, 1, 0
2.194667800000000, 0, 0, 1, 0
2.195765800000000, 0, 1, 1, 0
2.195830400000000, 0, 0, 1, 0
2.196320400000000, 0, 0, 1, 1
2.196322600000000, 0, 0, 1, 0
2.198628800000000, 0, 0, 1, 1
2.198631000000000, 0, 0, 1, 0
2.199161600000000, 0, 0, 1, 1
2.199163600000000, 0, 0, 1, 0
2.201470000000000, 0, 0, 1, 1
2.201472200000000, 0, 0, 1, 0
2.202002800000000, 0, 0, 1, 1
2.202004800000000, 0, 0, 1, 0
2.204311200000000, 0, 0, 1, 1
2.204313200000000, 0, 0, 1, 0
2.204844000000000, 0, 0, 1, 1
2.204846000000000, 0, 0, 1, 0
2.207152400000000, 0, 0, 1, 1
2.207154600000000, 0, 0, 1, 0
2.207685200000000, 0, 0, 1, 1
2.207687200000000, 0, 0, 1, 0
2.209993400000000, 0, 0, 1, 1
2.209995600000000, 0, 0, 1, 0
2.210526200000000, 0, 0, 1, 1
2.210528400000000, 0, 0, 1, 0
2.212834600000000, 0, 0, 1, 1
2.212836600000000, 0, 0, 1, 0
2.213367200000000, 0, 0, 1, 1
2.213369400000000, 0, 0, 1, 0
2.215675600000000, 0, 0, 1, 1
2.215677600000000, 0, 0, 1, 0
2.216208400000000, 0, 0, 1, 1
2.216210400000000, 0, 0, 1, 0
2.218516800000000, 0, 0, 1, 1
2.218518800000000, 0, 0, 1, 0
2.219049400000000, 0, 0, 1, 1
2.219051600000000, 0, 0, 1, 0
2.221357800000000, 0, 0, 1, 1
2.221360000000000, 0, 0, 1, 0
2.221890600000000, 0, 0, 1, 1
2.221892800000000, 0, 0, 1, 0
2.224198800000000, 0, 0, 1, 1
2.224201000000000, 0, 0, 1, 0
2.224731600000000, 0, 0, 1, 1
2.224733600000000, 0, 0, 1, 0
2.227040000000000, 0, 0, 1, 1
2.227042000000000, 0, 0, 1, 0
2.227572600000000, 0, 0, 1, 1
2.227574600000000, 0, 0, 1, 0
2.229881000000000, 0, 0, 1, 1
2.229883000000000, 0, 0, 1, 0
2.230413600000000, 0, 0, 1, 1
2.230415600000000, 0, 0, 1, 0
2.232722000000000, 0, 0, 1, 1
2.232724000000000, 0, 0, 1, 0
2.233254800000000, 0, 0, 1, 1
2.233256800000000, 0, 0, 1, 0
2.235563200000000, 0, 0, 1, 1
2.235565200000000, 0, 0, 1, 0
2.236095800000000, 0, 0, 1, 1
2.236098000000000, 0, 0, 1, 0
2.238404200000000, 0, 0, 1, 1
2.238406400000000, 0, 0, 1, 0
2.238937000000000, 0, 0, 1, 1
2.238939200000000, 0, 0, 1, 0
2.241245400000000, 0, 0, 1, 1
2.241247600000000, 0, 0, 1, 0
2.241778200000000, 0, 0, 1, 1
2.241780200000000, 0, 0, 1, 0
2.244086600000000, 0, 0, 1, 1
2.244088800000000, 0, 0, 1, 0
2.244619400000000, 0, 0, 1, 1
2.244621600000000, 0, 0, 1, 0
2.246927800000000, 0, 0, 1, 1
2.246929800000000, 0, 0, 1, 0
2.247460600000000, 0, 0, 1, 1
2.247462600000000, 0, 0, 1, 0
2.249769000000000, 0, 0, 1, 1
2.249771000000000, 0, 0, 1, 0
2.250301600000000, 0, 0, 1, 1
2.250303800000000, 0, 0, 1, 0
2.252610200000000, 0, 0, 1, 1
2.252612200000000, 0, 0, 1, 0
2.253142800000000, 0, 0, 1, 1
2.253145000000000, 0, 0, 1, 0
2.255451400000000, 0, 0, 1, 1
2.255453400000000, 0, 0, 1, 0
2.255984200000000, 0, 0, 1, 1
2.255986200000000, 0, 0, 1, 0
2.258292600000000, 0, 0, 1, 1
2.258294600000000, 0, 0, 1, 0
2.258825200000000, 0, 0, 1, 1
2.258827200000000, 0, 0, 1, 0
2.261133600000000, 0, 0, 1, 1
2.261135600000000, 0, 0, 1, 0
2.261666400000000, 0, 0, 1, 1
2.261668400000000, 0, 0, 1, 0
2.263974600000000, 0, 0, 1, 1
2.263976800000000, 0, 0, 1, 0
2.264507400000000, 0, 0, 1, 1
2.264509400000000, 0, 0, 1, 0
2.266815600000000, 0, 0, 1, 1
2.266817600000000, 0, 0, 1, 0
2.267348400000000, 0, 0, 1, 1
2.267350400000000, 0, 0, 1, 0
2.269656800000000, 0, 0, 1, 1
2.269658800000000, 0, 0, 1, 0
2.270189400000000, 0, 0, 1, 1
2.270191400000000, 0, 0, 1, 0
2.272497800000000, 0, 0, 1, 1
2.272499800000000, 0, 0, 1, 0
2.273030600000000, 0, 0, 1, 1
2.273032600000000, 0, 0, 1, 0
2.275339000000000, 0, 0, 1, 1
2.275341000000000, 0, 0, 1, 0
2.275871600000000, 0, 0, 1, 1
2.275873800000000, 0, 0, 1, 0
2.278180200000000, 0, 0, 1, 1
2.278182200000000, 0, 0, 1, 0
2.278712800000000, 0, 0, 1, 1
2.278715000000000, 0, 0, 1, 0
2.281021200000000, 0, 0, 1, 1
2.281023200000000, 0, 0, 1, 0
2.281554000000000, 0, 0, 1, 1
2.281556000000000, 0, 0, 1, 0
2.283862400000000, 0, 0, 1, 1
2.283864400000000, 0, 0, 1, 0
2.284395200000000, 0, 0, 1, 1
2.284397200000000, 0, 0, 1, 0
2.286703600000000, 0, 0, 1, 1
2.286705600000000, 0, 0, 1, 0
2.287236200000000, 0, 0, 1, 1
2.287238200000000, 0, 0, 1, 0
2.289544600000000, 0, 0, 1, 1
2.289546600000000, 0, 0, 1, 0
2.290077400000000, 0, 0, 1, 1
2.290079400000000, 0, 0, 1, 0
2.292385800000000, 0, 0, 1, 1
2.292387800000000, 0, 0, 1, 0
2.292918600000000, 0, 0, 1, 1
2.292920600000000, 0, 0, 1, 0
2.295226800000000, 0, 0, 1, 1
2.295229000000000, 0, 0, 1, 0
2.295759600000000, 0, 0, 1, 1
2.295761800000000, 0, 0, 1, 0
2.298068000000000, 0, 0, 1, 1
2.298070200000000, 0, 0, 1, 0
2.298600800000000, 0, 0, 1, 1
2.298602800000000, 0, 0, 1, 0
2.300909200000000, 0, 0, 1, 1
2.300911200000000, 0, 0, 1, 0
2.301442000000000, 0, 0, 1, 1
2.301444000000000, 0, 0, 1, 0
2.303750400000000, 0, 0, 1, 1
2.303752400000000, 0, 0, 1, 0
2.304283000000000, 0, 0, 1, 1
2.304285200000000, 0, 0, 1, 0
2.306591400000000, 0, 0, 1, 1
2.306593600000000, 0, 0, 1, 0
2.307124200000000, 0, 0, 1, 1
2.307126400000000, 0, 0, 1, 0
2.309432800000000, 0, 0, 1, 1
2.309434800000000, 0, 0, 1, 0
2.309965400000000, 0, 0, 1, 1
2.309967600000000, 0, 0, 1, 0
2.312273600000000, 0, 0, 1, 1
2.312275800000000, 0, 0, 1, 0
2.312806400000000, 0, 0, 1, 1
2.312808400000000, 0, 0, 1, 0
2.315114800000000, 0, 0, 1, 1
2.315116800000000, 0, 0, 1, 0
2.315647400000000, 0, 0, 1, 1
2.315649400000000, 0, 0, 1, 0
2.317955800000000, 0, 0, 1, 1
2.317957800000000, 0, 0, 1, 0
2.318488600000000, 0, 0, 1, 1
2.318490600000000, 0, 0, 1, 0
2.320797000000000, 0, 0, 1, 1
2.320799200000000, 0, 0, 1, 0
2.321329800000000, 0, 0, 1, 1
2.321331800000000, 0, 0, 1, 0
2.323638200000000, 0, 0, 1, 1
2.323640400000000, 0, 0, 1, 0
2.324171000000000, 0, 0, 1, 1
2.324173000000000, 0, 0, 1, 0
2.326479400000000, 0, 0, 1, 1
2.326481400000000, 0, 0, 1, 0
2.327012000000000, 0, 0, 1, 1
2.327014200000000, 0, 0, 1, 0
2.329320400000000, 0, 0, 1, 1
2.329322400000000, 0, 0, 1, 0
2.329853200000000, 0, 0, 1, 1
2.329855200000000, 0, 0, 1, 0
2.332161400000000, 0, 0, 1, 1
2.332163600000000, 0, 0, 1, 0
2.332694200000000, 0, 0, 1, 1
2.332696200000000, 0, 0, 1, 0
2.335002400000000, 0, 0, 1, 1
2.335004600000000, 0, 0, 1, 0
2.335535200000000, 0, 0, 1, 1
2.335537400000000, 0, 0, 1, 0
2.337843600000000, 0, 0, 1, 1
2.337845600000000, 0, 0, 1, 0
2.338376200000000, 0, 0, 1, 1
2.338378200000000, 0, 0, 1, 0
2.340684400000000, 0, 0, 1, 1
2.340686400000000, 0, 0, 1, 0
2.341217200000000, 0, 0, 1, 1
2.341219200000000, 0, 0, 1, 0
2.343525400000000, 0, 0, 1, 1
2.343527400000000, 0, 0, 1, 0
2.344058200000000, 0, 0, 1, 1
2.344060200000000, 0, 0, 1, 0
2.346366600000000, 0, 0, 1, 1
2.346368600000000, 0, 0, 1, 0
2.346899200000000, 0, 0, 1, 1
2.346901400000000, 0, 0, 1, 0
2.349207600000000, 0, 0, 1, 1
2.349209600000000, 0, 0, 1, 0
2.349740200000000, 0, 0, 1, 1
2.349742200000000, 0, 0, 1, 0
2.352048400000000, 0, 0, 1, 1
2.352050600000000, 0, 0, 1, 0
2.352581200000000, 0, 0, 1, 1
2.352583200000000, 0, 0, 1, 0
2.354889400000000, 0, 0, 1, 1
2.354891600000000, 0, 0, 1, 0
2.355422200000000, 0, 0, 1, 1
2.355424200000000, 0, 0, 1, 0
2.357730400000000, 0, 0, 1, 1
2.357732600000000, 0, 0, 1, 0
2.358263200000000, 0, 0, 1, 1
2.358265400000000, 0, 0, 1, 0
2.360571600000000, 0, 0, 1, 1
2.360573800000000, 0, 0, 1, 0
2.361104400000000, 0, 0, 1, 1
2.361106400000000, 0, 0, 1, 0
2.363412800000000, 0, 0, 1, 1
2.363414800000000, 0, 0, 1, 0
2.363945600000000, 0, 0, 1, 1
2.363947600000000, 0, 0, 1, 0
2.366254000000000, 0, 0, 1, 1
2.366256000000000, 0, 0, 1, 0
2.366786600000000, 0, 0, 1, 1
2.366788800000000, 0, 0, 1, 0
2.369095000000000, 0, 0, 1, 1
2.369097000000000, 0, 0, 1, 0
2.369627800000000, 0, 0, 1, 1
2.369629800000000, 0, 0, 1, 0
2.371936200000000, 0, 0, 1, 1
2.371938200000000, 0, 0, 1, 0
2.372468800000000, 0, 0, 1, 1
2.372470800000000, 0, 0, 1, 0
2.374777000000000, 0, 0, 1, 1
2.374779200000000, 0, 0, 1, 0
2.375309800000000, 0, 0, 1, 1
2.375311800000000, 0, 0, 1, 0
2.377618000000000, 0, 0, 1, 1
2.377620200000000, 0, 0, 1, 0
2.378150800000000, 0, 0, 1, 1
2.378152800000000, 0, 0, 1, 0
2.380459000000000, 0, 0, 1, 1
2.380461200000000, 0, 0, 1, 0
2.380991800000000, 0, 0, 1, 1
2.380993800000000, 0, 0, 1, 0
2.383300000000000, 0, 0, 1, 1
2.383302000000000, 0, 0, 1, 0
2.383832800000000, 0, 0, 1, 1
2.383834800000000, 0, 0, 1, 0
2.386141000000000, 0, 0, 1, 1
2.386143000000000, 0, 0, 1, 0
2.386673800000000, 0, 0, 1, 1
2.386675800000000, 0, 0, 1, 0
2.388982200000000, 0, 0, 1, 1
2.388984200000000, 0, 0, 1, 0
2.389514800000000, 0, 0, 1, 1
2.389516800000000, 0, 0, 1, 0
2.391823200000000, 0, 0, 1, 1
2.391825200000000, 0, 0, 1, 0
2.392356000000000, 0, 0, 1, 1
2.392358000000000, 0, 0, 1, 0
2.394664400000000, 0, 0, 1, 1
2.394666400000000, 0, 0, 1, 0
2.395197000000000, 0, 0, 1, 1
2.395199000000000, 0, 0, 1, 0
2.397505400000000, 0, 0, 1, 1
2.397507400000000, 0, 0, 1, 0
2.398038200000000, 0, 0, 1, 1
2.398040200000000, 0, 0, 1, 0
2.400346600000000, 0, 0, 1, 1
2.400348600000000, 0, 0, 1, 0
2.400879200000000, 0, 0, 1, 1
2.400881400000000, 0, 0, 1, 0
2.403187600000000, 0, 0, 1, 1
2.403189800000000, 0, 0, 1, 0
2.403720400000000, 0, 0, 1, 1
2.403722400000000, 0, 0, 1, 0
2.406028800000000, 0, 0, 1, 1
2.406030800000000, 0, 0, 1, 0
2.406561400000000, 0, 0, 1, 1
2.406563600000000, 0, 0, 1, 0
2.408869800000000, 0, 0, 1, 1
2.408872000000000, 0, 0, 1, 0
2.409402600000000, 0, 0, 1, 1
2.409404800000000, 0, 0, 1, 0
2.411711000000000, 0, 0, 1, 1
2.411713200000000, 0, 0, 1, 0
2.412243800000000, 0, 0, 1, 1
2.412245800000000, 0, 0, 1, 0
2.414552000000000, 0, 0, 1, 1
2.414554000000000, 0, 0, 1, 0
2.415084800000000, 0, 0, 1, 1
2.415086800000000, 0, 0, 1, 0
2.417393200000000, 0, 0, 1, 1
2.417395200000000, 0, 0, 1, 0
2.417925800000000, 0, 0, 1, 1
2.417927800000000, 0, 0, 1, 0
2.420234200000000, 0, 0, 1, 1
2.420236200000000, 0, 0, 1, 0
2.420766800000000, 0, 0, 1, 1
2.420769000000000, 0, 0, 1, 0
2.423075200000000, 0, 0, 1, 1
2.423077200000000, 0, 0, 1, 0
2.423607800000000, 0, 0, 1, 1
2.423610000000000, 0, 0, 1, 0
2.425916200000000, 0, 0, 1, 1
2.425918200000000, 0, 0, 1, 0
2.426449000000000, 0, 0, 1, 1
2.426451000000000, 0, 0, 1, 0
2.428757200000000, 0, 0, 1, 1
2.428759400000000, 0, 0, 1, 0
2.429290000000000, 0, 0, 1, 1
2.429292000000000, 0, 0, 1, 0
2.431598200000000, 0, 0, 1, 1
2.431600200000000, 0, 0, 1, 0
2.432131000000000, 0, 0, 1, 1
2.432133000000000, 0, 0, 1, 0
2.434439200000000, 0, 0, 1, 1
2.434441400000000, 0, 0, 1, 0
2.434972000000000, 0, 0, 1, 1
2.434974000000000, 0, 0, 1, 0
2.437280200000000, 0, 0, 1, 1
2.437282400000000, 0, 0, 1, 0
2.437813000000000, 0, 0, 1, 1
2.437815000000000, 0, 0, 1, 0
2.440121400000000, 0, 0, 1, 1
2.440123400000000, 0, 0, 1, 0
2.440654000000000, 0, 0, 1, 1
2.440656000000000, 0, 0, 1, 0
2.442962400000000, 0, 0, 1, 1
2.442964400000000, 0, 0, 1, 0
2.443495000000000, 0, 0, 1, 1
2.443497200000000, 0, 0, 1, 0
2.445803400000000, 0, 0, 1, 1
2.445805400000000, 0, 0, 1, 0
2.446336000000000, 0, 0, 1, 1
2.446338200000000, 0, 0, 1, 0
2.448644400000000, 0, 0, 1, 1
2.448646600000000, 0, 0, 1, 0
2.449177200000000, 0, 0, 1, 1
2.449179200000000, 0, 0, 1, 0
2.451485600000000, 0, 0, 1, 1
2.451487600000000, 0, 0, 1, 0
2.452018200000000, 0, 0, 1, 1
2.452020200000000, 0, 0, 1, 0
2.454326400000000, 0, 0, 1, 1
2.454328600000000, 0, 0, 1, 0
2.454859200000000, 0, 0, 1, 1
2.454861200000000, 0, 0, 1, 0
2.457167600000000, 0, 0, 1, 1
2.457169600000000, 0, 0, 1, 0
2.457700200000000, 0, 0, 1, 1
2.457702400000000, 0, 0, 1, 0
2.460008600000000, 0, 0, 1, 1
2.460010600000000, 0, 0, 1, 0
2.460541400000000, 0, 0, 1, 1
2.460543400000000, 0, 0, 1, 0
2.462849800000000, 0, 0, 1, 1
2.462851800000000, 0, 0, 1, 0
2.463382400000000, 0, 0, 1, 1
2.463384400000000, 0, 0, 1, 0
2.465690800000000, 0, 0, 1, 1
2.465692800000000, 0, 0, 1, 0
2.466223600000000, 0, 0, 1, 1
2.466225600000000, 0, 0, 1, 0
2.468532000000000, 0, 0, 1, 1
2.468534000000000, 0, 0, 1, 0
2.469064600000000, 0, 0, 1, 1
2.469066800000000, 0, 0, 1, 0
2.471373000000000, 0, 0, 1, 1
2.471375200000000, 0, 0, 1, 0
2.471905800000000, 0, 0, 1, 1
2.471907800000000, 0, 0, 1, 0
2.474214200000000, 0, 0, 1, 1
2.474216200000000, 0, 0, 1, 0
2.475240400000000, 0, 0, 1, 1
2.475242600000000, 0, 0, 1, 0
2.476419200000000, 0, 0, 1, 1
2.476421400000000, 0, 0, 1, 0
2.477137000000000, 0, 0, 1, 1
2.477139000000000, 0, 0, 1, 0
2.478315800000000, 0, 0, 1, 1
2.478317800000000, 0, 0, 1, 0
2.479033400000000, 0, 0, 1, 1
2.479035400000000, 0, 0, 1, 0
2.480212200000000, 0, 0, 1, 1
2.480214200000000, 0, 0, 1, 0
2.480930000000000, 0, 0, 1, 1
2.480932000000000, 0, 0, 1, 0
2.482108800000000, 0, 0, 1, 1
2.482110800000000, 0, 0, 1, 0
2.482826400000000, 0, 0, 1, 1
2.482828400000000, 0, 0, 1, 0
2.484005200000000, 0, 0, 1, 1
2.484007200000000, 0, 0, 1, 0
2.484722800000000, 0, 0, 1, 1
2.484724800000000, 0, 0, 1, 0
2.485901600000000, 0, 0, 1, 1
2.485903600000000, 0, 0, 1, 0
2.486619200000000, 0, 0, 1, 1
2.486621200000000, 0, 0, 1, 0
2.487798000000000, 0, 0, 1, 1
2.487800000000000, 0, 0, 1, 0
2.488515600000000, 0, 0, 1, 1
2.488517800000000, 0, 0, 1, 0
2.489694400000000, 0, 0, 1, 1
2.489696600000000, 0, 0, 1, 0
2.490412000000000, 0, 0, 1, 1
2.490414200000000, 0, 0, 1, 0
2.491590800000000, 0, 0, 1, 1
2.491592800000000, 0, 0, 1, 0
2.492308400000000, 0, 0, 1, 1
2.492310600000000, 0, 0, 1, 0
2.493487200000000, 0, 0, 1, 1
2.493489400000000, 0, 0, 1, 0
2.494204800000000, 0, 0, 1, 1
2.494207000000000, 0, 0, 1, 0
2.495383600000000, 0, 0, 1, 1
2.495385600000000, 0, 0, 1, 0
2.496101200000000, 0, 0, 1, 1
2.496103400000000, 0, 0, 1, 0
2.497280000000000, 0, 0, 1, 1
2.497282200000000, 0, 0, 1, 0
2.497997600000000, 0, 0, 1, 1
2.497999600000000, 0, 0, 1, 0
2.499176400000000, 0, 0, 1, 1
2.499178400000000, 0, 0, 1, 0
2.499894200000000, 0, 0, 1, 1
2.499896200000000, 0, 0, 1, 0
2.501073000000000, 0, 0, 1, 1
2.501075000000000, 0, 0, 1, 0
2.501790400000000, 0, 0, 1, 1
2.501792600000000, 0, 0, 1, 0
2.502969200000000, 0, 0, 1, 1
2.502971200000000, 0, 0, 1, 0
2.503687000000000, 0, 0, 1, 1
2.503689000000000, 0, 0, 1, 0
2.504865800000000, 0, 0, 1, 1
2.504867800000000, 0, 0, 1, 0
2.505583200000000, 0, 0, 1, 1
2.505585400000000, 0, 0, 1, 0
2.506762000000000, 0, 0, 1, 1
2.506764200000000, 0, 0, 1, 0
2.507479800000000, 0, 0, 1, 1
2.507481800000000, 0, 0, 1, 0
2.508658600000000, 0, 0, 1, 1
2.508660600000000, 0, 0, 1, 0
2.509376200000000, 0, 0, 1, 1
2.509378200000000, 0, 0, 1, 0
2.510554800000000, 0, 0, 1, 1
2.510557000000000, 0, 0, 1, 0
2.511272600000000, 0, 0, 1, 1
2.511274600000000, 0, 0, 1, 0
2.512451400000000, 0, 0, 1, 1
2.512453400000000, 0, 0, 1, 0
2.513169000000000, 0, 0, 1, 1
2.513171000000000, 0, 0, 1, 0
2.514347800000000, 0, 0, 1, 1
2.514350000000000, 0, 0, 1, 0
2.515065600000000, 0, 0, 1, 1
2.515067600000000, 0, 0, 1, 0
2.516244400000000, 0, 0, 1, 1
2.516246400000000, 0, 0, 1, 0
2.516962000000000, 0, 0, 1, 1
2.516964200000000, 0, 0, 1, 0
2.518140800000000, 0, 0, 1, 1
2.518143000000000, 0, 0, 1, 0
2.518858600000000, 0, 0, 1, 1
2.518860600000000, 0, 0, 1, 0
2.520037400000000, 0, 0, 1, 1
2.520039600000000, 0, 0, 1, 0
2.520755000000000, 0, 0, 1, 1
2.520757200000000, 0, 0, 1, 0
2.521934000000000, 0, 0, 1, 1
2.521936000000000, 0, 0, 1, 0
2.522651600000000, 0, 0, 1, 1
2.522653600000000, 0, 0, 1, 0
2.523830400000000, 0, 0, 1, 1
2.523832400000000, 0, 0, 1, 0
2.524548000000000, 0, 0, 1, 1
2.524550000000000, 0, 0, 1, 0
2.525726800000000, 0, 0, 1, 1
2.525728800000000, 0, 0, 1, 0
2.526444400000000, 0, 0, 1, 1
2.526446600000000, 0, 0, 1, 0
2.527623200000000, 0, 0, 1, 1
2.527625400000000, 0, 0, 1, 0
2.528340800000000, 0, 0, 1, 1
2.528343000000000, 0, 0, 1, 0
2.529519600000000, 0, 0, 1, 1
2.529521800000000, 0, 0, 1, 0
2.530237400000000, 0, 0, 1, 1
2.530239400000000, 0, 0, 1, 0
2.531416200000000, 0, 0, 1, 1
2.531418200000000, 0, 0, 1, 0
2.532133800000000, 0, 0, 1, 1
2.532135800000000, 0, 0, 1, 0
2.533312600000000, 0, 0, 1, 1
2.533314600000000, 0, 0, 1, 0
2.534030200000000, 0, 0, 1, 1
2.534032400000000, 0, 0, 1, 0
2.535209000000000, 0, 0, 1, 1
2.535211200000000, 0, 0, 1, 0
2.535926600000000, 0, 0, 1, 1
2.535928800000000, 0, 0, 1, 0
2.537105400000000, 0, 0, 1, 1
2.537107600000000, 0, 0, 1, 0
2.537823200000000, 0, 0, 1, 1
2.537825200000000, 0, 0, 1, 0
2.539002000000000, 0, 0, 1, 1
2.539004000000000, 0, 0, 1, 0
2.539719600000000, 0, 0, 1, 1
2.539721600000000, 0, 0, 1, 0
2.540898200000000, 0, 0, 1, 1
2.540900400000000, 0, 0, 1, 0
2.541616000000000, 0, 0, 1, 1
2.541618000000000, 0, 0, 1, 0
2.542794800000000, 0, 0, 1, 1
2.542796800000000, 0, 0, 1, 0
2.543512400000000, 0, 0, 1, 1
2.543514400000000, 0, 0, 1, 0
2.544691200000000, 0, 0, 1, 1
2.544693200000000, 0, 0, 1, 0
2.545408800000000, 0, 0, 1, 1
2.545410800000000, 0, 0, 1, 0
2.546587600000000, 0, 0, 1, 1
2.546589600000000, 0, 0, 1, 0
2.547305200000000, 0, 0, 1, 1
2.547307200000000, 0, 0, 1, 0
2.548483800000000, 0, 0, 1, 1
2.548486000000000, 0, 0, 1, 0
2.549201600000000, 0, 0, 1, 1
2.549203600000000, 0, 0, 1, 0
2.550380400000000, 0, 0, 1, 1
2.550382400000000, 0, 0, 1, 0
2.551098000000000, 0, 0, 1, 1
2.551100000000000, 0, 0, 1, 0
2.552276600000000, 0, 0, 1, 1
2.552278800000000, 0, 0, 1, 0
2.552994400000000, 0, 0, 1, 1
2.552996400000000, 0, 0, 1, 0
2.554173000000000, 0, 0, 1, 1
2.554175200000000, 0, 0, 1, 0
2.554890600000000, 0, 0, 1, 1
2.554892800000000, 0, 0, 1, 0
2.556069400000000, 0, 0, 1, 1
2.556071400000000, 0, 0, 1, 0
2.556787200000000, 0, 0, 1, 1
2.556789200000000, 0, 0, 1, 0
2.557966000000000, 0, 0, 1, 1
2.557968000000000, 0, 0, 1, 0
2.558683600000000, 0, 0, 1, 1
2.558685600000000, 0, 0, 1, 0
2.559862400000000, 0, 0, 1, 1
2.559864400000000, 0, 0, 1, 0
2.560580000000000, 0, 0, 1, 1
2.560582200000000, 0, 0, 1, 0
2.561758800000000, 0, 0, 1, 1
2.561761000000000, 0, 0, 1, 0
2.562476400000000, 0, 0, 1, 1
2.562478600000000, 0, 0, 1, 0
2.563655200000000, 0, 0, 1, 1
2.563657400000000, 0, 0, 1, 0
2.564373000000000, 0, 0, 1, 1
2.564375000000000, 0, 0, 1, 0
2.565551800000000, 0, 0, 1, 1
2.565554000000000, 0, 0, 1, 0
2.566269400000000, 0, 0, 1, 1
2.566271600000000, 0, 0, 1, 0
2.567448400000000, 0, 0, 1, 1
2.567450400000000, 0, 0, 1, 0
2.568166000000000, 0, 0, 1, 1
2.568168200000000, 0, 0, 1, 0
2.569344800000000, 0, 0, 1, 1
2.569346800000000, 0, 0, 1, 0
2.570062400000000, 0, 0, 1, 1
2.570064400000000, 0, 0, 1, 0
2.571241200000000, 0, 0, 1, 1
2.571243200000000, 0, 0, 1, 0
2.571958800000000, 0, 0, 1, 1
2.571961000000000, 0, 0, 1, 0
2.573137600000000, 0, 0, 1, 1
2.573139800000000, 0, 0, 1, 0
2.573855200000000, 0, 0, 1, 1
2.573857400000000, 0, 0, 1, 0
2.575034000000000, 0, 0, 1, 1
2.575036000000000, 0, 0, 1, 0
2.575751600000000, 0, 0, 1, 1
2.575753800000000, 0, 0, 1, 0
2.576930400000000, 0, 0, 1, 1
2.576932400000000, 0, 0, 1, 0
2.577648000000000, 0, 0, 1, 1
2.577650000000000, 0, 0, 1, 0
2.578826800000000, 0, 0, 1, 1
2.578828800000000, 0, 0, 1, 0
2.579544400000000, 0, 0, 1, 1
2.579546600000000, 0, 0, 1, 0
2.580723200000000, 0, 0, 1, 1
2.580725400000000, 0, 0, 1, 0
2.581440800000000, 0, 0, 1, 1
2.581442800000000, 0, 0, 1, 0
2.582619400000000, 0, 0, 1, 1
2.582621600000000, 0, 0, 1, 0
2.583337200000000, 0, 0, 1, 1
2.583339200000000, 0, 0, 1, 0
2.584516000000000, 0, 0, 1, 1
2.584518000000000, 0, 0, 1, 0
2.585233400000000, 0, 0, 1, 1
2.585235600000000, 0, 0, 1, 0
2.586412200000000, 0, 0, 1, 1
2.586414400000000, 0, 0, 1, 0
2.587130000000000, 0, 0, 1, 1
2.587132000000000, 0, 0, 1, 0
2.588308600000000, 0, 0, 1, 1
2.588310800000000, 0, 0, 1, 0
2.589026200000000, 0, 0, 1, 1
2.589028400000000, 0, 0, 1, 0
2.590205000000000, 0, 0, 1, 1
2.590207000000000, 0, 0, 1, 0
2.590922600000000, 0, 0, 1, 1
2.590924800000000, 0, 0, 1, 0
2.592101400000000, 0, 0, 1, 1
2.592103600000000, 0, 0, 1, 0
2.592819000000000, 0, 0, 1, 1
2.592821000000000, 0, 0, 1, 0
2.593997800000000, 0, 0, 1, 1
2.593999800000000, 0, 0, 1, 0
2.594715600000000, 0, 0, 1, 1
2.594717600000000, 0, 0, 1, 0
2.595894200000000, 0, 0, 1, 1
2.595896400000000, 0, 0, 1, 0
2.596611800000000, 0, 0, 1, 1
2.596613800000000, 0, 0, 1, 0
2.597790600000000, 0, 0, 1, 1
2.597792600000000, 0, 0, 1, 0
2.598508200000000, 0, 0, 1, 1
2.598510200000000, 0, 0, 1, 0
2.599687000000000, 0, 0, 1, 1
2.599689000000000, 0, 0, 1, 0
2.600404600000000, 0, 0, 1, 1
2.600406600000000, 0, 0, 1, 0
2.601583400000000, 0, 0, 1, 1
2.601585400000000, 0, 0, 1, 0
2.602301200000000, 0, 0, 1, 1
2.602303200000000, 0, 0, 1, 0
2.603480000000000, 0, 0, 1, 1
2.603482000000000, 0, 0, 1, 0
2.604197400000000, 0, 0, 1, 1
2.604199600000000, 0, 0, 1, 0
2.605376200000000, 0, 0, 1, 1
2.605378400000000, 0, 0, 1, 0
2.606094000000000, 0, 0, 1, 1
2.606096000000000, 0, 0, 1, 0
2.607272600000000, 0, 0, 1, 1
2.607274800000000, 0, 0, 1, 0
2.607990200000000, 0, 0, 1, 1
2.607992200000000, 0, 0, 1, 0
2.609168800000000, 0, 0, 1, 1
2.609171000000000, 0, 0, 1, 0
2.609886400000000, 0, 0, 1, 1
2.609888600000000, 0, 0, 1, 0
2.611065200000000, 0, 0, 1, 1
2.611067200000000, 0, 0, 1, 0
2.611782800000000, 0, 0, 1, 1
2.611784800000000, 0, 0, 1, 0
2.612961600000000, 0, 0, 1, 1
2.612963600000000, 0, 0, 1, 0
2.613679200000000, 0, 0, 1, 1
2.613681200000000, 0, 0, 1, 0
2.614858000000000, 0, 0, 1, 1
2.614860000000000, 0, 0, 1, 0
2.615575400000000, 0, 0, 1, 1
2.615577600000000, 0, 0, 1, 0
2.616754200000000, 0, 0, 1, 1
2.616756400000000, 0, 0, 1, 0
2.617472000000000, 0, 0, 1, 1
2.617474000000000, 0, 0, 1, 0
2.618650600000000, 0, 0, 1, 1
2.618652800000000, 0, 0, 1, 0
2.619368200000000, 0, 0, 1, 1
2.619370200000000, 0, 0, 1, 0
2.620547000000000, 0, 0, 1, 1
2.620549000000000, 0, 0, 1, 0
2.621264600000000, 0, 0, 1, 1
2.621266800000000, 0, 0, 1, 0
2.622443400000000, 0, 0, 1, 1
2.622445600000000, 0, 0, 1, 0
2.623161000000000, 0, 0, 1, 1
2.623163200000000, 0, 0, 1, 0
2.624339800000000, 0, 0, 1, 1
2.624342000000000, 0, 0, 1, 0
2.625057600000000, 0, 0, 1, 1
2.625059600000000, 0, 0, 1, 0
2.626236400000000, 0, 0, 1, 1
2.626238400000000, 0, 0, 1, 0
2.626953800000000, 0, 0, 1, 1
2.626956000000000, 0, 0, 1, 0
2.628132600000000, 0, 0, 1, 1
2.628134600000000, 0, 0, 1, 0
2.628850200000000, 0, 0, 1, 1
2.628852400000000, 0, 0, 1, 0
2.630029000000000, 0, 0, 1, 1
2.630031000000000, 0, 0, 1, 0
2.630746600000000, 0, 0, 1, 1
2.630748600000000, 0, 0, 1, 0
2.631925400000000, 0, 0, 1, 1
2.631927400000000, 0, 0, 1, 0
2.632643000000000, 0, 0, 1, 1
2.632645000000000, 0, 0, 1, 0
2.633821800000000, 0, 0, 1, 1
2.633823800000000, 0, 0, 1, 0
2.634539400000000, 0, 0, 1, 1
2.634541400000000, 0, 0, 1, 0
2.635718200000000, 0, 0, 1, 1
2.635720200000000, 0, 0, 1, 0
2.636435800000000, 0, 0, 1, 1
2.636438000000000, 0, 0, 1, 0
2.637614600000000, 0, 0, 1, 1
2.637616800000000, 0, 0, 1, 0
2.638332200000000, 0, 0, 1, 1
2.638334400000000, 0, 0, 1, 0
2.639511000000000, 0, 0, 1, 1
2.639513200000000, 0, 0, 1, 0
2.640228800000000, 0, 0, 1, 1
2.640230800000000, 0, 0, 1, 0
2.641407600000000, 0, 0, 1, 1
2.641409600000000, 0, 0, 1, 0
2.642125200000000, 0, 0, 1, 1
2.642127200000000, 0, 0, 1, 0
2.643304000000000, 0, 0, 1, 1
2.643306000000000, 0, 0, 1, 0
2.644021600000000, 0, 0, 1, 1
2.644023800000000, 0, 0, 1, 0
2.645200600000000, 0, 0, 1, 1
2.645202600000000, 0, 0, 1, 0
2.645918200000000, 0, 0, 1, 1
2.645920200000000, 0, 0, 1, 0
2.647097000000000, 0, 0, 1, 1
2.647099000000000, 0, 0, 1, 0
2.647814600000000, 0, 0, 1, 1
2.647816800000000, 0, 0, 1, 0
2.648993600000000, 0, 0, 1, 1
2.648995600000000, 0, 0, 1, 0
2.649711200000000, 0, 0, 1, 1
2.649713200000000, 0, 0, 1, 0
2.650890000000000, 0, 0, 1, 1
2.650892000000000, 0, 0, 1, 0
2.651607600000000, 0, 0, 1, 1
2.651609800000000, 0, 0, 1, 0
2.652786600000000, 0, 0, 1, 1
2.652788600000000, 0, 0, 1, 0
2.653504000000000, 0, 0, 1, 1
2.653506200000000, 0, 0, 1, 0
2.654683000000000, 0, 0, 1, 1
2.654685000000000, 0, 0, 1, 0
2.655400600000000, 0, 0, 1, 1
2.655402800000000, 0, 0, 1, 0
2.656579600000000, 0, 0, 1, 1
2.656581600000000, 0, 0, 1, 0
2.657297200000000, 0, 0, 1, 1
2.657299200000000, 0, 0, 1, 0
2.658476000000000, 0, 0, 1, 1
2.658478000000000, 0, 0, 1, 0
2.659193800000000, 0, 0, 1, 1
2.659195800000000, 0, 0, 1, 0
2.660372600000000, 0, 0, 1, 1
2.660374600000000, 0, 0, 1, 0
2.661400600000000, 0, 0, 1, 1
2.661402600000000, 0, 0, 1, 0
2.675497800000000, 0, 0, 1, 1
2.675499800000000, 0, 0, 1, 0
2.676216200000000, 0, 0, 1, 1
2.676218200000000, 0, 0, 1, 0
2.690313400000000, 0, 0, 1, 1
2.690315600000000, 0, 0, 1, 0
2.691031600000000, 0, 0, 1, 1
2.691033800000000, 0, 0, 1, 0
2.705129000000000, 0, 0, 1, 1
2.705131200000000, 0, 0, 1, 0
2.705847400000000, 0, 0, 1, 1
2.705849400000000, 0, 0, 1, 0
2.719944800000000, 0, 0, 1, 1
2.719946800000000, 0, 0, 1, 0
2.720663000000000, 0, 0, 1, 1
2.720665000000000, 0, 0, 1, 0
2.734760200000000, 0, 0, 1, 1
2.734762400000000, 0, 0, 1, 0
2.735478600000000, 0, 0, 1, 1
2.735480600000000, 0, 0, 1, 0
2.749575600000000, 0, 0, 1, 1
2.749577600000000, 0, 0, 1, 0
2.750293800000000, 0, 0, 1, 1
2.750295800000000, 0, 0, 1, 0
2.764391400000000, 0, 0, 1, 1
2.764393400000000, 0, 0, 1, 0
2.765109600000000, 0, 0, 1, 1
2.765111600000000, 0, 0, 1, 0
2.779206800000000, 0, 0, 1, 1
2.779209000000000, 0, 0, 1, 0
2.779925000000000, 0, 0, 1, 1
2.779927200000000, 0, 0, 1, 0
2.794022800000000, 0, 0, 1, 1
2.794024800000000, 0, 0, 1, 0
2.794741000000000, 0, 0, 1, 1
2.794743200000000, 0, 0, 1, 0
2.808838200000000, 0, 0, 1, 1
2.808840200000000, 0, 0, 1, 0
2.809556400000000, 0, 0, 1, 1
2.809558400000000, 0, 0, 1, 0
2.823654200000000, 0, 0, 1, 1
2.823656200000000, 0, 0, 1, 0
2.824372400000000, 0, 0, 1, 1
2.824374600000000, 0, 0, 1, 0
2.838470000000000, 0, 0, 1, 1
2.838472000000000, 0, 0, 1, 0
2.839188200000000, 0, 0, 1, 1
2.839190200000000, 0, 0, 1, 0
2.853285600000000, 0, 0, 1, 1
2.853287800000000, 0, 0, 1, 0
2.854004000000000, 0, 0, 1, 1
2.854006000000000, 0, 0, 1, 0
2.868101800000000, 0, 0, 1, 1
2.868103800000000, 0, 0, 1, 0
2.868820000000000, 0, 0, 1, 1
2.868822000000000, 0, 0, 1, 0
2.882918000000000, 0, 0, 1, 1
2.882920000000000, 0, 0, 1, 0
2.883636400000000, 0, 0, 1, 1
2.883638400000000, 0, 0, 1, 0
2.897734000000000, 0, 0, 1, 1
2.897736000000000, 0, 0, 1, 0
2.898452200000000, 0, 0, 1, 1
2.898454400000000, 0, 0, 1, 0
2.912550200000000, 0, 0, 1, 1
2.912552400000000, 0, 0, 1, 0
2.913268600000000, 0, 0, 1, 1
2.913270600000000, 0, 0, 1, 0
2.927366000000000, 0, 0, 1, 1
2.927368000000000, 0, 0, 1, 0
2.928084200000000, 0, 0, 1, 1
2.928086200000000, 0, 0, 1, 0
2.942182000000000, 0, 0, 1, 1
2.942184000000000, 0, 0, 1, 0
2.942900400000000, 0, 0, 1, 1
2.942902400000000, 0, 0, 1, 0
2.956998200000000, 0, 0, 1, 1
2.957000200000000, 0, 0, 1, 0
2.957716400000000, 0, 0, 1, 1
2.957718400000000, 0, 0, 1, 0
2.971814400000000, 0, 0, 1, 1
2.971816600000000, 0, 0, 1, 0
2.972532800000000, 0, 0, 1, 1
2.972535000000000, 0, 0, 1, 0
2.986630200000000, 0, 0, 1, 1
2.986632400000000, 0, 0, 1, 0
2.987348400000000, 0, 0, 1, 1
2.987350600000000, 0, 0, 1, 0
3.001445400000000, 0, 0, 1, 1
3.001447600000000, 0, 0, 1, 0
3.002163800000000, 0, 0, 1, 1
3.002165800000000, 0, 0, 1, 0
3.016261200000000, 0, 0, 1, 1
3.016263200000000, 0, 0, 1, 0
3.016979400000000, 0, 0, 1, 1
3.016981400000000, 0, 0, 1, 0
3.031077000000000, 0, 0, 1, 1
3.031079000000000, 0, 0, 1, 0
3.031795400000000, 0, 0, 1, 1
3.031797400000000, 0, 0, 1, 0
3.045893400000000, 0, 0, 1, 1
3.045895400000000, 0, 0, 1, 0
3.046611600000000, 0, 0, 1, 1
3.046613600000000, 0, 0, 1, 0
3.060709200000000, 0, 0, 1, 1
3.060711200000000, 0, 0, 1, 0
3.061427600000000, 0, 0, 1, 1
3.061429600000000, 0, 0, 1, 0
3.075525400000000, 0, 0, 1, 1
3.075527400000000, 0, 0, 1, 0
3.076243600000000, 0, 0, 1, 1
3.076245600000000, 0, 0, 1, 0
3.090341200000000, 0, 0, 1, 1
3.090343200000000, 0, 0, 1, 0
3.091059600000000, 0, 0, 1, 1
3.091061600000000, 0, 0, 1, 0
3.105157600000000, 0, 0, 1, 1
3.105159600000000, 0, 0, 1, 0
3.105875800000000, 0, 0, 1, 1
3.105877800000000, 0, 0, 1, 0
3.119973600000000, 0, 0, 1, 1
3.119975600000000, 0, 0, 1, 0
3.120692000000000, 0, 0, 1, 1
3.120694000000000, 0, 0, 1, 0
3.134790000000000, 0, 0, 1, 1
3.134792000000000, 0, 0, 1, 0
3.135508200000000, 0, 0, 1, 1
3.135510200000000, 0, 0, 1, 0
3.149605400000000, 0, 0, 1, 1
3.149607600000000, 0, 0, 1, 0
3.150323800000000, 0, 0, 1, 1
3.150325800000000, 0, 0, 1, 0
3.164421600000000, 0, 0, 1, 1
3.164423600000000, 0, 0, 1, 0
3.165139800000000, 0, 0, 1, 1
3.165142000000000, 0, 0, 1, 0
3.179237600000000, 0, 0, 1, 1
3.179239600000000, 0, 0, 1, 0
3.179956000000000, 0, 0, 1, 1
3.179958000000000, 0, 0, 1, 0
3.194053800000000, 0, 0, 1, 1
3.194055800000000, 0, 0, 1, 0
3.194772000000000, 0, 0, 1, 1
3.194774200000000, 0, 0, 1, 0
3.208869400000000, 0, 0, 1, 1
3.208871400000000, 0, 0, 1, 0
3.209587600000000, 0, 0, 1, 1
3.209589800000000, 0, 0, 1, 0
3.223684600000000, 0, 0, 1, 1
3.223686800000000, 0, 0, 1, 0
3.224402800000000, 0, 0, 1, 1
3.224404800000000, 0, 0, 1, 0
3.238499600000000, 0, 0, 1, 1
3.238501600000000, 0, 0, 1, 0
3.239217800000000, 0, 0, 1, 1
3.239220000000000, 0, 0, 1, 0
3.253315000000000, 0, 0, 1, 1
3.253317000000000, 0, 0, 1, 0
3.254033000000000, 0, 0, 1, 1
3.254035200000000, 0, 0, 1, 0
3.268130400000000, 0, 0, 1, 1
3.268132600000000, 0, 0, 1, 0
3.268848800000000, 0, 0, 1, 1
3.268850800000000, 0, 0, 1, 0
3.282946600000000, 0, 0, 1, 1
3.282948600000000, 0, 0, 1, 0
3.283664800000000, 0, 0, 1, 1
3.283667000000000, 0, 0, 1, 0
3.297762400000000, 0, 0, 1, 1
3.297764400000000, 0, 0, 1, 0
3.298480600000000, 0, 0, 1, 1
3.298482800000000, 0, 0, 1, 0
3.312578200000000, 0, 0, 1, 1
3.312580200000000, 0, 0, 1, 0
3.313296400000000, 0, 0, 1, 1
3.313298400000000, 0, 0, 1, 0
3.327393800000000, 0, 0, 1, 1
3.327396000000000, 0, 0, 1, 0
3.328112200000000, 0, 0, 1, 1
3.328114200000000, 0, 0, 1, 0
3.342210200000000, 0, 0, 1, 1
3.342212200000000, 0, 0, 1, 0
3.342928400000000, 0, 0, 1, 1
3.342930400000000, 0, 0, 1, 0
3.357026400000000, 0, 0, 1, 1
3.357028400000000, 0, 0, 1, 0
3.357744600000000, 0, 0, 1, 1
3.357746800000000, 0, 0, 1, 0
3.371843000000000, 0, 0, 1, 1
3.371845000000000, 0, 0, 1, 0
3.372561200000000, 0, 0, 1, 1
3.372563200000000, 0, 0, 1, 0
3.386659200000000, 0, 0, 1, 1
3.386661200000000, 0, 0, 1, 0
3.387377600000000, 0, 0, 1, 1
3.387379600000000, 0, 0, 1, 0
3.401475600000000, 0, 0, 1, 1
3.401477600000000, 0, 0, 1, 0
3.402193800000000, 0, 0, 1, 1
3.402195800000000, 0, 0, 1, 0
3.416291600000000, 0, 0, 1, 1
3.416293600000000, 0, 0, 1, 0
3.417010000000000, 0, 0, 1, 1
3.417012000000000, 0, 0, 1, 0
3.431108000000000, 0, 0, 1, 1
3.431110000000000, 0, 0, 1, 0
3.431826200000000, 0, 0, 1, 1
3.431828400000000, 0, 0, 1, 0
3.445923800000000, 0, 0, 1, 1
3.445925800000000, 0, 0, 1, 0
3.446642000000000, 0, 0, 1, 1
3.446644200000000, 0, 0, 1, 0
3.460739200000000, 0, 0, 1, 1
3.460741400000000, 0, 0, 1, 0
3.461457400000000, 0, 0, 1, 1
3.461459600000000, 0, 0, 1, 0
3.475554600000000, 0, 0, 1, 1
3.475556800000000, 0, 0, 1, 0
3.476273000000000, 0, 0, 1, 1
3.476275000000000, 0, 0, 1, 0
3.490369800000000, 0, 0, 1, 1
3.490372000000000, 0, 0, 1, 0
3.491088000000000, 0, 0, 1, 1
3.491090200000000, 0, 0, 1, 0
3.505184600000000, 0, 0, 1, 1
3.505186800000000, 0, 0, 1, 0
3.505903000000000, 0, 0, 1, 1
3.505905000000000, 0, 0, 1, 0
3.520000000000000, 0, 0, 1, 1
3.520002000000000, 0, 0, 1, 0
3.520718000000000, 0, 0, 1, 1
3.520720200000000, 0, 0, 1, 0
3.534815000000000, 0, 0, 1, 1
3.534817200000000, 0, 0, 1, 0
3.535533400000000, 0, 0, 1, 1
3.535535600000000, 0, 0, 1, 0
3.549631400000000, 0, 0, 1, 1
3.549633400000000, 0, 0, 1, 0
3.550349600000000, 0, 0, 1, 1
3.550351600000000, 0, 0, 1, 0
3.564447400000000, 0, 0, 1, 1
3.564449400000000, 0, 0, 1, 0
3.565165800000000, 0, 0, 1, 1
3.565167800000000, 0, 0, 1, 0
3.579263400000000, 0, 0, 1, 1
3.579265600000000, 0, 0, 1, 0
3.579981600000000, 0, 0, 1, 1
3.579983800000000, 0, 0, 1, 0
3.594079000000000, 0, 0, 1, 1
3.594081200000000, 0, 0, 1, 0
3.594797400000000, 0, 0, 1, 1
3.594799400000000, 0, 0, 1, 0
3.608894600000000, 0, 0, 1, 1
3.608896800000000, 0, 0, 1, 0
3.609612800000000, 0, 0, 1, 1
3.609615000000000, 0, 0, 1, 0
3.623710400000000, 0, 0, 1, 1
3.623712600000000, 0, 0, 1, 0
3.624428800000000, 0, 0, 1, 1
3.624430800000000, 0, 0, 1, 0
3.638526200000000, 0, 0, 1, 1
3.638528200000000, 0, 0, 1, 0
3.639244400000000, 0, 0, 1, 1
3.639246400000000, 0, 0, 1, 0
3.653341400000000, 0, 0, 1, 1
3.653343400000000, 0, 0, 1, 0
3.654059600000000, 0, 0, 1, 1
3.654061800000000, 0, 0, 1, 0
3.668157000000000, 0, 0, 1, 1
3.668159000000000, 0, 0, 1, 0
3.668875200000000, 0, 0, 1, 1
3.668877200000000, 0, 0, 1, 0
3.682972600000000, 0, 0, 1, 1
3.682974800000000, 0, 0, 1, 0
3.683691000000000, 0, 0, 1, 1
3.683693000000000, 0, 0, 1, 0
3.697788200000000, 0, 0, 1, 1
3.697790400000000, 0, 0, 1, 0
3.698506400000000, 0, 0, 1, 1
3.698508600000000, 0, 0, 1, 0
3.712603800000000, 0, 0, 1, 1
3.712605800000000, 0, 0, 1, 0
3.713322000000000, 0, 0, 1, 1
3.713324200000000, 0, 0, 1, 0
3.727419400000000, 0, 0, 1, 1
3.727421400000000, 0, 0, 1, 0
3.728137600000000, 0, 0, 1, 1
3.728139600000000, 0, 0, 1, 0
3.742235000000000, 0, 0, 1, 1
3.742237200000000, 0, 0, 1, 0
3.742953400000000, 0, 0, 1, 1
3.742955400000000, 0, 0, 1, 0
3.757050600000000, 0, 0, 1, 1
3.757052800000000, 0, 0, 1, 0
3.757769000000000, 0, 0, 1, 1
3.757771000000000, 0, 0, 1, 0
3.771865800000000, 0, 0, 1, 1
3.771868000000000, 0, 0, 1, 0
3.772584200000000, 0, 0, 1, 1
3.772586200000000, 0, 0, 1, 0
3.786681200000000, 0, 0, 1, 1
3.786683200000000, 0, 0, 1, 0
3.787399400000000, 0, 0, 1, 1
3.787401400000000, 0, 0, 1, 0
3.801496200000000, 0, 0, 1, 1
3.801498400000000, 0, 0, 1, 0
3.802214600000000, 0, 0, 1, 1
3.802216600000000, 0, 0, 1, 0
3.816311800000000, 0, 0, 1, 1
3.816313800000000, 0, 0, 1, 0
3.817030000000000, 0, 0, 1, 1
3.817032000000000, 0, 0, 1, 0
3.831127400000000, 0, 0, 1, 1
3.831129400000000, 0, 0, 1, 0
3.831845800000000, 0, 0, 1, 1
3.831847800000000, 0, 0, 1, 0
3.845943400000000, 0, 0, 1, 1
3.845945600000000, 0, 0, 1, 0
3.846661600000000, 0, 0, 1, 1
3.846663800000000, 0, 0, 1, 0
3.860759000000000, 0, 0, 1, 1
3.860761000000000, 0, 0, 1, 0
3.861477400000000, 0, 0, 1, 1
3.861479400000000, 0, 0, 1, 0
3.875574800000000, 0, 0, 1, 1
3.875576800000000, 0, 0, 1, 0
3.876293000000000, 0, 0, 1, 1
3.876295000000000, 0, 0, 1, 0
3.890390400000000, 0, 0, 1, 1
3.890392600000000, 0, 0, 1, 0
3.891108800000000, 0, 0, 1, 1
3.891110800000000, 0, 0, 1, 0
3.905206200000000, 0, 0, 1, 1
3.905208200000000, 0, 0, 1, 0
3.905924400000000, 0, 0, 1, 1
3.905926600000000, 0, 0, 1, 0
3.920022000000000, 0, 0, 1, 1
3.920024000000000, 0, 0, 1, 0
3.920740400000000, 0, 0, 1, 1
3.920742400000000, 0, 0, 1, 0
3.934837600000000, 0, 0, 1, 1
3.934839600000000, 0, 0, 1, 0
3.935555800000000, 0, 0, 1, 1
3.935557800000000, 0, 0, 1, 0
3.949652800000000, 0, 0, 1, 1
3.949655000000000, 0, 0, 1, 0
3.950371200000000, 0, 0, 1, 1
3.950373400000000, 0, 0, 1, 0
3.964468600000000, 0, 0, 1, 1
3.964470600000000, 0, 0, 1, 0
3.965186800000000, 0, 0, 1, 1
3.965188800000000, 0, 0, 1, 0
3.979284200000000, 0, 0, 1, 1
3.979286200000000, 0, 0, 1, 0
3.980002600000000, 0, 0, 1, 1
3.980004600000000, 0, 0, 1, 0
3.994099800000000, 0, 0, 1, 1
3.994101800000000, 0, 0, 1, 0
3.994818000000000, 0, 0, 1, 1
3.994820000000000, 0, 0, 1, 0
4.008915400000000, 0, 0, 1, 1
4.008917400000000, 0, 0, 1, 0
4.009633600000000, 0, 0, 1, 1
4.009635800000000, 0, 0, 1, 0
4.023731199999999, 0, 0, 1, 1
4.023733200000000, 0, 0, 1, 0
4.024449400000000, 0, 0, 1, 1
4.024451400000000, 0, 0, 1, 0
4.038546600000000, 0, 0, 1, 1
4.038548599999999, 0, 0, 1, 0
4.039264800000000, 0, 0, 1, 1
4.039267000000000, 0, 0, 1, 0
4.053362000000000, 0, 0, 1, 1
4.053364000000000, 0, 0, 1, 0
4.054080200000000, 0, 0, 1, 1
4.054082200000000, 0, 0, 1, 0
4.068177200000000, 0, 0, 1, 1
4.068179199999999, 0, 0, 1, 0
4.068895599999999, 0, 0, 1, 1
4.068897600000000, 0, 0, 1, 0
4.082992600000000, 0, 0, 1, 1
4.082994600000000, 0, 0, 1, 0
4.083710800000000, 0, 0, 1, 1
4.083712800000000, 0, 0, 1, 0
4.097808400000000, 0, 0, 1, 1
4.097810400000000, 0, 0, 1, 0
4.098526800000000, 0, 0, 1, 1
4.098528800000000, 0, 0, 1, 0
4.112624800000000, 0, 0, 1, 1
4.112626800000000, 0, 0, 1, 0
4.189583200000000, 0, 1, 1, 0
4.189647799999999, 0, 0, 1, 0
4.259864400000000, 0, 1, 1, 0
4.259929000000000, 0, 0, 1, 0
4.260073000000000, 0, 0, 1, 1
4.260094800000000, 0, 0, 1, 0
4.338673200000000, 0, 0, 1, 1
4.338695000000000, 0, 0, 1, 0
4.339084400000000, 0, 0, 1, 1
4.339106200000000, 0, 0, 1, 0
4.377298000000000, 0, 0, 1, 1
4.377319800000000, 0, 0, 1, 0
4.381443200000000, 0, 0, 1, 1
4.381486000000000, 0, 0, 1, 0
4.388381600000000, 0, 0, 1, 1
4.388424400000000, 0, 0, 1, 0
4.388883799999999, 0, 1, 1, 0
4.388948399999999, 0, 0, 1, 0
4.388997400000000, 1, 0, 1, 0
4.389062000000000, 0, 0, 1, 0
